Well,Control,Combo,Seq
A1,Sterile,,
A2,Variant,FKTNY,ATGGCGGTTCCCGGCTACGATTTTGGCAAAGTCCCGGATGCCCCAATCTCAGACGCGGATTTTGAGAGTTTAAAAAAAACCGTGATGTGGGGTGAGGAAGATGAGAAATATCGCAAAATGGCTTGCGAAGCCTTAAAGGGTCAAGTAGAAGATATTTTAGATTTGTTTAAAGGCACCAACGGAAGCAATCAACACCTTATCTACTACTTCGGTGATAAGAGTGGTCGTCCAATTCCGCAATACCTGGAAGCGGTCCGCAAGCGTTATGGGTTGTGGATCATTGATACATTGTGTAAGCCACTGGACCGCCAGTGGTTGAATTACATGTACGAAATTGGCCTTCGCCATCACCGTACCAAGAAAGGGAAGACAGATGGCGTAGATACTGTTGAACATATCCCATTACGCTACATGATTGCTTTCATCGCTCCCATCGGTCTGACTATTAAGCCGATCTTGGAAAAATCGGGACATCCGCCAGAGGCCGTGGAGCGTATGTGGGCAGCATGGGTTAAGTTGGTGGTGTTACAGGTAGCTATCTGGTCGTACCCCTATGCAAAGACGGGCGAATGGCTCGAGCACCACCACCACCACCACTGA
A3,Variant,FSFNY,ATGGCGGTTCCCGGCTACGATTTTGGCAAAGTCCCGGATGCCCCAATCTCAGACGCGGATTTTGAGAGTTTAAAAAAAACCGTGATGTGGGGTGAGGAAGATGAGAAATATCGCAAAATGGCTTGCGAAGCCTTAAAGGGTCAAGTAGAAGATATTTTAGATTTGTTTAGCGGCTTTAACGGAAGCAATCAACACCTTATCTACTACTTCGGTGATAAGAGTGGTCGTCCAATTCCGCAATACCTGGAAGCGGTCCGCAAGCGTTATGGGTTGTGGATCATTGATACATTGTGTAAGCCACTGGACCGCCAGTGGTTGAATTACATGTACGAAATTGGCCTTCGCCATCACCGTACCAAGAAAGGGAAGACAGATGGCGTAGATACTGTTGAACATATCCCATTACGCTACATGATTGCTTTCATCGCTCCCATCGGTCTGACTATTAAGCCGATCTTGGAAAAATCGGGACATCCGCCAGAGGCCGTGGAGCGTATGTGGGCAGCATGGGTTAAGTTGGTGGTGTTACAGGTAGCTATCTGGTCGTACCCCTATGCAAAGACGGGCGAATGGCTCGAGCACCACCACCACCACCACTGA
A4,Variant,FAFNY,ATGGCGGTTCCCGGCTACGATTTTGGCAAAGTCCCGGATGCCCCAATCTCAGACGCGGATTTTGAGAGTTTAAAAAAAACCGTGATGTGGGGTGAGGAAGATGAGAAATATCGCAAAATGGCTTGCGAAGCCTTAAAGGGTCAAGTAGAAGATATTTTAGATTTGTTTGCCGGCTTTAACGGAAGCAATCAACACCTTATCTACTACTTCGGTGATAAGAGTGGTCGTCCAATTCCGCAATACCTGGAAGCGGTCCGCAAGCGTTATGGGTTGTGGATCATTGATACATTGTGTAAGCCACTGGACCGCCAGTGGTTGAATTACATGTACGAAATTGGCCTTCGCCATCACCGTACCAAGAAAGGGAAGACAGATGGCGTAGATACTGTTGAACATATCCCATTACGCTACATGATTGCTTTCATCGCTCCCATCGGTCTGACTATTAAGCCGATCTTGGAAAAATCGGGACATCCGCCAGAGGCCGTGGAGCGTATGTGGGCAGCATGGGTTAAGTTGGTGGTGTTACAGGTAGCTATCTGGTCGTACCCCTATGCAAAGACGGGCGAATGGCTCGAGCACCACCACCACCACCACTGA
A5,Variant,FIFNY,ATGGCGGTTCCCGGCTACGATTTTGGCAAAGTCCCGGATGCCCCAATCTCAGACGCGGATTTTGAGAGTTTAAAAAAAACCGTGATGTGGGGTGAGGAAGATGAGAAATATCGCAAAATGGCTTGCGAAGCCTTAAAGGGTCAAGTAGAAGATATTTTAGATTTGTTTATTGGCTTTAACGGAAGCAATCAACACCTTATCTACTACTTCGGTGATAAGAGTGGTCGTCCAATTCCGCAATACCTGGAAGCGGTCCGCAAGCGTTATGGGTTGTGGATCATTGATACATTGTGTAAGCCACTGGACCGCCAGTGGTTGAATTACATGTACGAAATTGGCCTTCGCCATCACCGTACCAAGAAAGGGAAGACAGATGGCGTAGATACTGTTGAACATATCCCATTACGCTACATGATTGCTTTCATCGCTCCCATCGGTCTGACTATTAAGCCGATCTTGGAAAAATCGGGACATCCGCCAGAGGCCGTGGAGCGTATGTGGGCAGCATGGGTTAAGTTGGTGGTGTTACAGGTAGCTATCTGGTCGTACCCCTATGCAAAGACGGGCGAATGGCTCGAGCACCACCACCACCACCACTGA
A6,Variant,FADYY,ATGGCGGTTCCCGGCTACGATTTTGGCAAAGTCCCGGATGCCCCAATCTCAGACGCGGATTTTGAGAGTTTAAAAAAAACCGTGATGTGGGGTGAGGAAGATGAGAAATATCGCAAAATGGCTTGCGAAGCCTTAAAGGGTCAAGTAGAAGATATTTTAGATTTGTTTGCCGGCGATTATGGAAGCAATCAACACCTTATCTACTACTTCGGTGATAAGAGTGGTCGTCCAATTCCGCAATACCTGGAAGCGGTCCGCAAGCGTTATGGGTTGTGGATCATTGATACATTGTGTAAGCCACTGGACCGCCAGTGGTTGAATTACATGTACGAAATTGGCCTTCGCCATCACCGTACCAAGAAAGGGAAGACAGATGGCGTAGATACTGTTGAACATATCCCATTACGCTACATGATTGCTTTCATCGCTCCCATCGGTCTGACTATTAAGCCGATCTTGGAAAAATCGGGACATCCGCCAGAGGCCGTGGAGCGTATGTGGGCAGCATGGGTTAAGTTGGTGGTGTTACAGGTAGCTATCTGGTCGTACCCCTATGCAAAGACGGGCGAATGGCTCGAGCACCACCACCACCACCACTGA
A7,Variant,GYFNY,ATGGCGGTTCCCGGCTACGATTTTGGCAAAGTCCCGGATGCCCCAATCTCAGACGCGGATTTTGAGAGTTTAAAAAAAACCGTGATGTGGGGTGAGGAAGATGAGAAATATCGCAAAATGGCTTGCGAAGCCTTAAAGGGTCAAGTAGAAGATATTTTAGATTTGGGCTATGGCTTTAACGGAAGCAATCAACACCTTATCTACTACTTCGGTGATAAGAGTGGTCGTCCAATTCCGCAATACCTGGAAGCGGTCCGCAAGCGTTATGGGTTGTGGATCATTGATACATTGTGTAAGCCACTGGACCGCCAGTGGTTGAATTACATGTACGAAATTGGCCTTCGCCATCACCGTACCAAGAAAGGGAAGACAGATGGCGTAGATACTGTTGAACATATCCCATTACGCTACATGATTGCTTTCATCGCTCCCATCGGTCTGACTATTAAGCCGATCTTGGAAAAATCGGGACATCCGCCAGAGGCCGTGGAGCGTATGTGGGCAGCATGGGTTAAGTTGGTGGTGTTACAGGTAGCTATCTGGTCGTACCCCTATGCAAAGACGGGCGAATGGCTCGAGCACCACCACCACCACCACTGA
A8,Variant,FFFNY,ATGGCGGTTCCCGGCTACGATTTTGGCAAAGTCCCGGATGCCCCAATCTCAGACGCGGATTTTGAGAGTTTAAAAAAAACCGTGATGTGGGGTGAGGAAGATGAGAAATATCGCAAAATGGCTTGCGAAGCCTTAAAGGGTCAAGTAGAAGATATTTTAGATTTGTTTTTTGGCTTTAACGGAAGCAATCAACACCTTATCTACTACTTCGGTGATAAGAGTGGTCGTCCAATTCCGCAATACCTGGAAGCGGTCCGCAAGCGTTATGGGTTGTGGATCATTGATACATTGTGTAAGCCACTGGACCGCCAGTGGTTGAATTACATGTACGAAATTGGCCTTCGCCATCACCGTACCAAGAAAGGGAAGACAGATGGCGTAGATACTGTTGAACATATCCCATTACGCTACATGATTGCTTTCATCGCTCCCATCGGTCTGACTATTAAGCCGATCTTGGAAAAATCGGGACATCCGCCAGAGGCCGTGGAGCGTATGTGGGCAGCATGGGTTAAGTTGGTGGTGTTACAGGTAGCTATCTGGTCGTACCCCTATGCAAAGACGGGCGAATGGCTCGAGCACCACCACCACCACCACTGA
A9,Variant,FATYY,ATGGCGGTTCCCGGCTACGATTTTGGCAAAGTCCCGGATGCCCCAATCTCAGACGCGGATTTTGAGAGTTTAAAAAAAACCGTGATGTGGGGTGAGGAAGATGAGAAATATCGCAAAATGGCTTGCGAAGCCTTAAAGGGTCAAGTAGAAGATATTTTAGATTTGTTTGCCGGCACCTATGGAAGCAATCAACACCTTATCTACTACTTCGGTGATAAGAGTGGTCGTCCAATTCCGCAATACCTGGAAGCGGTCCGCAAGCGTTATGGGTTGTGGATCATTGATACATTGTGTAAGCCACTGGACCGCCAGTGGTTGAATTACATGTACGAAATTGGCCTTCGCCATCACCGTACCAAGAAAGGGAAGACAGATGGCGTAGATACTGTTGAACATATCCCATTACGCTACATGATTGCTTTCATCGCTCCCATCGGTCTGACTATTAAGCCGATCTTGGAAAAATCGGGACATCCGCCAGAGGCCGTGGAGCGTATGTGGGCAGCATGGGTTAAGTTGGTGGTGTTACAGGTAGCTATCTGGTCGTACCCCTATGCAAAGACGGGCGAATGGCTCGAGCACCACCACCACCACCACTGA
A10,Variant,FSFLY,ATGGCGGTTCCCGGCTACGATTTTGGCAAAGTCCCGGATGCCCCAATCTCAGACGCGGATTTTGAGAGTTTAAAAAAAACCGTGATGTGGGGTGAGGAAGATGAGAAATATCGCAAAATGGCTTGCGAAGCCTTAAAGGGTCAAGTAGAAGATATTTTAGATTTGTTTAGCGGCTTTTTAGGAAGCAATCAACACCTTATCTACTACTTCGGTGATAAGAGTGGTCGTCCAATTCCGCAATACCTGGAAGCGGTCCGCAAGCGTTATGGGTTGTGGATCATTGATACATTGTGTAAGCCACTGGACCGCCAGTGGTTGAATTACATGTACGAAATTGGCCTTCGCCATCACCGTACCAAGAAAGGGAAGACAGATGGCGTAGATACTGTTGAACATATCCCATTACGCTACATGATTGCTTTCATCGCTCCCATCGGTCTGACTATTAAGCCGATCTTGGAAAAATCGGGACATCCGCCAGAGGCCGTGGAGCGTATGTGGGCAGCATGGGTTAAGTTGGTGGTGTTACAGGTAGCTATCTGGTCGTACCCCTATGCAAAGACGGGCGAATGGCTCGAGCACCACCACCACCACCACTGA
A11,Variant,FAFPY,ATGGCGGTTCCCGGCTACGATTTTGGCAAAGTCCCGGATGCCCCAATCTCAGACGCGGATTTTGAGAGTTTAAAAAAAACCGTGATGTGGGGTGAGGAAGATGAGAAATATCGCAAAATGGCTTGCGAAGCCTTAAAGGGTCAAGTAGAAGATATTTTAGATTTGTTTGCCGGCTTTCCGGGAAGCAATCAACACCTTATCTACTACTTCGGTGATAAGAGTGGTCGTCCAATTCCGCAATACCTGGAAGCGGTCCGCAAGCGTTATGGGTTGTGGATCATTGATACATTGTGTAAGCCACTGGACCGCCAGTGGTTGAATTACATGTACGAAATTGGCCTTCGCCATCACCGTACCAAGAAAGGGAAGACAGATGGCGTAGATACTGTTGAACATATCCCATTACGCTACATGATTGCTTTCATCGCTCCCATCGGTCTGACTATTAAGCCGATCTTGGAAAAATCGGGACATCCGCCAGAGGCCGTGGAGCGTATGTGGGCAGCATGGGTTAAGTTGGTGGTGTTACAGGTAGCTATCTGGTCGTACCCCTATGCAAAGACGGGCGAATGGCTCGAGCACCACCACCACCACCACTGA
A12,Variant,FRFNY,ATGGCGGTTCCCGGCTACGATTTTGGCAAAGTCCCGGATGCCCCAATCTCAGACGCGGATTTTGAGAGTTTAAAAAAAACCGTGATGTGGGGTGAGGAAGATGAGAAATATCGCAAAATGGCTTGCGAAGCCTTAAAGGGTCAAGTAGAAGATATTTTAGATTTGTTTCGTGGCTTTAACGGAAGCAATCAACACCTTATCTACTACTTCGGTGATAAGAGTGGTCGTCCAATTCCGCAATACCTGGAAGCGGTCCGCAAGCGTTATGGGTTGTGGATCATTGATACATTGTGTAAGCCACTGGACCGCCAGTGGTTGAATTACATGTACGAAATTGGCCTTCGCCATCACCGTACCAAGAAAGGGAAGACAGATGGCGTAGATACTGTTGAACATATCCCATTACGCTACATGATTGCTTTCATCGCTCCCATCGGTCTGACTATTAAGCCGATCTTGGAAAAATCGGGACATCCGCCAGAGGCCGTGGAGCGTATGTGGGCAGCATGGGTTAAGTTGGTGGTGTTACAGGTAGCTATCTGGTCGTACCCCTATGCAAAGACGGGCGAATGGCTCGAGCACCACCACCACCACCACTGA
B1,Variant,TKTNY,ATGGCGGTTCCCGGCTACGATTTTGGCAAAGTCCCGGATGCCCCAATCTCAGACGCGGATTTTGAGAGTTTAAAAAAAACCGTGATGTGGGGTGAGGAAGATGAGAAATATCGCAAAATGGCTTGCGAAGCCTTAAAGGGTCAAGTAGAAGATATTTTAGATTTGACCAAAGGCACCAACGGAAGCAATCAACACCTTATCTACTACTTCGGTGATAAGAGTGGTCGTCCAATTCCGCAATACCTGGAAGCGGTCCGCAAGCGTTATGGGTTGTGGATCATTGATACATTGTGTAAGCCACTGGACCGCCAGTGGTTGAATTACATGTACGAAATTGGCCTTCGCCATCACCGTACCAAGAAAGGGAAGACAGATGGCGTAGATACTGTTGAACATATCCCATTACGCTACATGATTGCTTTCATCGCTCCCATCGGTCTGACTATTAAGCCGATCTTGGAAAAATCGGGACATCCGCCAGAGGCCGTGGAGCGTATGTGGGCAGCATGGGTTAAGTTGGTGGTGTTACAGGTAGCTATCTGGTCGTACCCCTATGCAAAGACGGGCGAATGGCTCGAGCACCACCACCACCACCACTGA
B2,Variant,FSTYY,ATGGCGGTTCCCGGCTACGATTTTGGCAAAGTCCCGGATGCCCCAATCTCAGACGCGGATTTTGAGAGTTTAAAAAAAACCGTGATGTGGGGTGAGGAAGATGAGAAATATCGCAAAATGGCTTGCGAAGCCTTAAAGGGTCAAGTAGAAGATATTTTAGATTTGTTTAGCGGCACCTATGGAAGCAATCAACACCTTATCTACTACTTCGGTGATAAGAGTGGTCGTCCAATTCCGCAATACCTGGAAGCGGTCCGCAAGCGTTATGGGTTGTGGATCATTGATACATTGTGTAAGCCACTGGACCGCCAGTGGTTGAATTACATGTACGAAATTGGCCTTCGCCATCACCGTACCAAGAAAGGGAAGACAGATGGCGTAGATACTGTTGAACATATCCCATTACGCTACATGATTGCTTTCATCGCTCCCATCGGTCTGACTATTAAGCCGATCTTGGAAAAATCGGGACATCCGCCAGAGGCCGTGGAGCGTATGTGGGCAGCATGGGTTAAGTTGGTGGTGTTACAGGTAGCTATCTGGTCGTACCCCTATGCAAAGACGGGCGAATGGCTCGAGCACCACCACCACCACCACTGA
B3,Variant,FVFNY,ATGGCGGTTCCCGGCTACGATTTTGGCAAAGTCCCGGATGCCCCAATCTCAGACGCGGATTTTGAGAGTTTAAAAAAAACCGTGATGTGGGGTGAGGAAGATGAGAAATATCGCAAAATGGCTTGCGAAGCCTTAAAGGGTCAAGTAGAAGATATTTTAGATTTGTTTGTGGGCTTTAACGGAAGCAATCAACACCTTATCTACTACTTCGGTGATAAGAGTGGTCGTCCAATTCCGCAATACCTGGAAGCGGTCCGCAAGCGTTATGGGTTGTGGATCATTGATACATTGTGTAAGCCACTGGACCGCCAGTGGTTGAATTACATGTACGAAATTGGCCTTCGCCATCACCGTACCAAGAAAGGGAAGACAGATGGCGTAGATACTGTTGAACATATCCCATTACGCTACATGATTGCTTTCATCGCTCCCATCGGTCTGACTATTAAGCCGATCTTGGAAAAATCGGGACATCCGCCAGAGGCCGTGGAGCGTATGTGGGCAGCATGGGTTAAGTTGGTGGTGTTACAGGTAGCTATCTGGTCGTACCCCTATGCAAAGACGGGCGAATGGCTCGAGCACCACCACCACCACCACTGA
B4,Variant,GVFNY,ATGGCGGTTCCCGGCTACGATTTTGGCAAAGTCCCGGATGCCCCAATCTCAGACGCGGATTTTGAGAGTTTAAAAAAAACCGTGATGTGGGGTGAGGAAGATGAGAAATATCGCAAAATGGCTTGCGAAGCCTTAAAGGGTCAAGTAGAAGATATTTTAGATTTGGGCGTGGGCTTTAACGGAAGCAATCAACACCTTATCTACTACTTCGGTGATAAGAGTGGTCGTCCAATTCCGCAATACCTGGAAGCGGTCCGCAAGCGTTATGGGTTGTGGATCATTGATACATTGTGTAAGCCACTGGACCGCCAGTGGTTGAATTACATGTACGAAATTGGCCTTCGCCATCACCGTACCAAGAAAGGGAAGACAGATGGCGTAGATACTGTTGAACATATCCCATTACGCTACATGATTGCTTTCATCGCTCCCATCGGTCTGACTATTAAGCCGATCTTGGAAAAATCGGGACATCCGCCAGAGGCCGTGGAGCGTATGTGGGCAGCATGGGTTAAGTTGGTGGTGTTACAGGTAGCTATCTGGTCGTACCCCTATGCAAAGACGGGCGAATGGCTCGAGCACCACCACCACCACCACTGA
B5,Variant,FAFSY,ATGGCGGTTCCCGGCTACGATTTTGGCAAAGTCCCGGATGCCCCAATCTCAGACGCGGATTTTGAGAGTTTAAAAAAAACCGTGATGTGGGGTGAGGAAGATGAGAAATATCGCAAAATGGCTTGCGAAGCCTTAAAGGGTCAAGTAGAAGATATTTTAGATTTGTTTGCCGGCTTTAGCGGAAGCAATCAACACCTTATCTACTACTTCGGTGATAAGAGTGGTCGTCCAATTCCGCAATACCTGGAAGCGGTCCGCAAGCGTTATGGGTTGTGGATCATTGATACATTGTGTAAGCCACTGGACCGCCAGTGGTTGAATTACATGTACGAAATTGGCCTTCGCCATCACCGTACCAAGAAAGGGAAGACAGATGGCGTAGATACTGTTGAACATATCCCATTACGCTACATGATTGCTTTCATCGCTCCCATCGGTCTGACTATTAAGCCGATCTTGGAAAAATCGGGACATCCGCCAGAGGCCGTGGAGCGTATGTGGGCAGCATGGGTTAAGTTGGTGGTGTTACAGGTAGCTATCTGGTCGTACCCCTATGCAAAGACGGGCGAATGGCTCGAGCACCACCACCACCACCACTGA
B6,Variant,FATPY,ATGGCGGTTCCCGGCTACGATTTTGGCAAAGTCCCGGATGCCCCAATCTCAGACGCGGATTTTGAGAGTTTAAAAAAAACCGTGATGTGGGGTGAGGAAGATGAGAAATATCGCAAAATGGCTTGCGAAGCCTTAAAGGGTCAAGTAGAAGATATTTTAGATTTGTTTGCCGGCACCCCGGGAAGCAATCAACACCTTATCTACTACTTCGGTGATAAGAGTGGTCGTCCAATTCCGCAATACCTGGAAGCGGTCCGCAAGCGTTATGGGTTGTGGATCATTGATACATTGTGTAAGCCACTGGACCGCCAGTGGTTGAATTACATGTACGAAATTGGCCTTCGCCATCACCGTACCAAGAAAGGGAAGACAGATGGCGTAGATACTGTTGAACATATCCCATTACGCTACATGATTGCTTTCATCGCTCCCATCGGTCTGACTATTAAGCCGATCTTGGAAAAATCGGGACATCCGCCAGAGGCCGTGGAGCGTATGTGGGCAGCATGGGTTAAGTTGGTGGTGTTACAGGTAGCTATCTGGTCGTACCCCTATGCAAAGACGGGCGAATGGCTCGAGCACCACCACCACCACCACTGA
B7,Variant,GIGNY,ATGGCGGTTCCCGGCTACGATTTTGGCAAAGTCCCGGATGCCCCAATCTCAGACGCGGATTTTGAGAGTTTAAAAAAAACCGTGATGTGGGGTGAGGAAGATGAGAAATATCGCAAAATGGCTTGCGAAGCCTTAAAGGGTCAAGTAGAAGATATTTTAGATTTGGGCATTGGCGGCAACGGAAGCAATCAACACCTTATCTACTACTTCGGTGATAAGAGTGGTCGTCCAATTCCGCAATACCTGGAAGCGGTCCGCAAGCGTTATGGGTTGTGGATCATTGATACATTGTGTAAGCCACTGGACCGCCAGTGGTTGAATTACATGTACGAAATTGGCCTTCGCCATCACCGTACCAAGAAAGGGAAGACAGATGGCGTAGATACTGTTGAACATATCCCATTACGCTACATGATTGCTTTCATCGCTCCCATCGGTCTGACTATTAAGCCGATCTTGGAAAAATCGGGACATCCGCCAGAGGCCGTGGAGCGTATGTGGGCAGCATGGGTTAAGTTGGTGGTGTTACAGGTAGCTATCTGGTCGTACCCCTATGCAAAGACGGGCGAATGGCTCGAGCACCACCACCACCACCACTGA
B8,Variant,FAFAY,ATGGCGGTTCCCGGCTACGATTTTGGCAAAGTCCCGGATGCCCCAATCTCAGACGCGGATTTTGAGAGTTTAAAAAAAACCGTGATGTGGGGTGAGGAAGATGAGAAATATCGCAAAATGGCTTGCGAAGCCTTAAAGGGTCAAGTAGAAGATATTTTAGATTTGTTTGCCGGCTTTGCCGGAAGCAATCAACACCTTATCTACTACTTCGGTGATAAGAGTGGTCGTCCAATTCCGCAATACCTGGAAGCGGTCCGCAAGCGTTATGGGTTGTGGATCATTGATACATTGTGTAAGCCACTGGACCGCCAGTGGTTGAATTACATGTACGAAATTGGCCTTCGCCATCACCGTACCAAGAAAGGGAAGACAGATGGCGTAGATACTGTTGAACATATCCCATTACGCTACATGATTGCTTTCATCGCTCCCATCGGTCTGACTATTAAGCCGATCTTGGAAAAATCGGGACATCCGCCAGAGGCCGTGGAGCGTATGTGGGCAGCATGGGTTAAGTTGGTGGTGTTACAGGTAGCTATCTGGTCGTACCCCTATGCAAAGACGGGCGAATGGCTCGAGCACCACCACCACCACCACTGA
B9,Variant,QIFNY,ATGGCGGTTCCCGGCTACGATTTTGGCAAAGTCCCGGATGCCCCAATCTCAGACGCGGATTTTGAGAGTTTAAAAAAAACCGTGATGTGGGGTGAGGAAGATGAGAAATATCGCAAAATGGCTTGCGAAGCCTTAAAGGGTCAAGTAGAAGATATTTTAGATTTGCAGATTGGCTTTAACGGAAGCAATCAACACCTTATCTACTACTTCGGTGATAAGAGTGGTCGTCCAATTCCGCAATACCTGGAAGCGGTCCGCAAGCGTTATGGGTTGTGGATCATTGATACATTGTGTAAGCCACTGGACCGCCAGTGGTTGAATTACATGTACGAAATTGGCCTTCGCCATCACCGTACCAAGAAAGGGAAGACAGATGGCGTAGATACTGTTGAACATATCCCATTACGCTACATGATTGCTTTCATCGCTCCCATCGGTCTGACTATTAAGCCGATCTTGGAAAAATCGGGACATCCGCCAGAGGCCGTGGAGCGTATGTGGGCAGCATGGGTTAAGTTGGTGGTGTTACAGGTAGCTATCTGGTCGTACCCCTATGCAAAGACGGGCGAATGGCTCGAGCACCACCACCACCACCACTGA
B10,Variant,FKTYY,ATGGCGGTTCCCGGCTACGATTTTGGCAAAGTCCCGGATGCCCCAATCTCAGACGCGGATTTTGAGAGTTTAAAAAAAACCGTGATGTGGGGTGAGGAAGATGAGAAATATCGCAAAATGGCTTGCGAAGCCTTAAAGGGTCAAGTAGAAGATATTTTAGATTTGTTTAAAGGCACCTATGGAAGCAATCAACACCTTATCTACTACTTCGGTGATAAGAGTGGTCGTCCAATTCCGCAATACCTGGAAGCGGTCCGCAAGCGTTATGGGTTGTGGATCATTGATACATTGTGTAAGCCACTGGACCGCCAGTGGTTGAATTACATGTACGAAATTGGCCTTCGCCATCACCGTACCAAGAAAGGGAAGACAGATGGCGTAGATACTGTTGAACATATCCCATTACGCTACATGATTGCTTTCATCGCTCCCATCGGTCTGACTATTAAGCCGATCTTGGAAAAATCGGGACATCCGCCAGAGGCCGTGGAGCGTATGTGGGCAGCATGGGTTAAGTTGGTGGTGTTACAGGTAGCTATCTGGTCGTACCCCTATGCAAAGACGGGCGAATGGCTCGAGCACCACCACCACCACCACTGA
B11,Variant,FADPY,ATGGCGGTTCCCGGCTACGATTTTGGCAAAGTCCCGGATGCCCCAATCTCAGACGCGGATTTTGAGAGTTTAAAAAAAACCGTGATGTGGGGTGAGGAAGATGAGAAATATCGCAAAATGGCTTGCGAAGCCTTAAAGGGTCAAGTAGAAGATATTTTAGATTTGTTTGCCGGCGATCCGGGAAGCAATCAACACCTTATCTACTACTTCGGTGATAAGAGTGGTCGTCCAATTCCGCAATACCTGGAAGCGGTCCGCAAGCGTTATGGGTTGTGGATCATTGATACATTGTGTAAGCCACTGGACCGCCAGTGGTTGAATTACATGTACGAAATTGGCCTTCGCCATCACCGTACCAAGAAAGGGAAGACAGATGGCGTAGATACTGTTGAACATATCCCATTACGCTACATGATTGCTTTCATCGCTCCCATCGGTCTGACTATTAAGCCGATCTTGGAAAAATCGGGACATCCGCCAGAGGCCGTGGAGCGTATGTGGGCAGCATGGGTTAAGTTGGTGGTGTTACAGGTAGCTATCTGGTCGTACCCCTATGCAAAGACGGGCGAATGGCTCGAGCACCACCACCACCACCACTGA
B12,Variant,GIFNY,ATGGCGGTTCCCGGCTACGATTTTGGCAAAGTCCCGGATGCCCCAATCTCAGACGCGGATTTTGAGAGTTTAAAAAAAACCGTGATGTGGGGTGAGGAAGATGAGAAATATCGCAAAATGGCTTGCGAAGCCTTAAAGGGTCAAGTAGAAGATATTTTAGATTTGGGCATTGGCTTTAACGGAAGCAATCAACACCTTATCTACTACTTCGGTGATAAGAGTGGTCGTCCAATTCCGCAATACCTGGAAGCGGTCCGCAAGCGTTATGGGTTGTGGATCATTGATACATTGTGTAAGCCACTGGACCGCCAGTGGTTGAATTACATGTACGAAATTGGCCTTCGCCATCACCGTACCAAGAAAGGGAAGACAGATGGCGTAGATACTGTTGAACATATCCCATTACGCTACATGATTGCTTTCATCGCTCCCATCGGTCTGACTATTAAGCCGATCTTGGAAAAATCGGGACATCCGCCAGAGGCCGTGGAGCGTATGTGGGCAGCATGGGTTAAGTTGGTGGTGTTACAGGTAGCTATCTGGTCGTACCCCTATGCAAAGACGGGCGAATGGCTCGAGCACCACCACCACCACCACTGA
C1,Variant,FYFNY,ATGGCGGTTCCCGGCTACGATTTTGGCAAAGTCCCGGATGCCCCAATCTCAGACGCGGATTTTGAGAGTTTAAAAAAAACCGTGATGTGGGGTGAGGAAGATGAGAAATATCGCAAAATGGCTTGCGAAGCCTTAAAGGGTCAAGTAGAAGATATTTTAGATTTGTTTTATGGCTTTAACGGAAGCAATCAACACCTTATCTACTACTTCGGTGATAAGAGTGGTCGTCCAATTCCGCAATACCTGGAAGCGGTCCGCAAGCGTTATGGGTTGTGGATCATTGATACATTGTGTAAGCCACTGGACCGCCAGTGGTTGAATTACATGTACGAAATTGGCCTTCGCCATCACCGTACCAAGAAAGGGAAGACAGATGGCGTAGATACTGTTGAACATATCCCATTACGCTACATGATTGCTTTCATCGCTCCCATCGGTCTGACTATTAAGCCGATCTTGGAAAAATCGGGACATCCGCCAGAGGCCGTGGAGCGTATGTGGGCAGCATGGGTTAAGTTGGTGGTGTTACAGGTAGCTATCTGGTCGTACCCCTATGCAAAGACGGGCGAATGGCTCGAGCACCACCACCACCACCACTGA
C2,Variant,FRTNY,ATGGCGGTTCCCGGCTACGATTTTGGCAAAGTCCCGGATGCCCCAATCTCAGACGCGGATTTTGAGAGTTTAAAAAAAACCGTGATGTGGGGTGAGGAAGATGAGAAATATCGCAAAATGGCTTGCGAAGCCTTAAAGGGTCAAGTAGAAGATATTTTAGATTTGTTTCGTGGCACCAACGGAAGCAATCAACACCTTATCTACTACTTCGGTGATAAGAGTGGTCGTCCAATTCCGCAATACCTGGAAGCGGTCCGCAAGCGTTATGGGTTGTGGATCATTGATACATTGTGTAAGCCACTGGACCGCCAGTGGTTGAATTACATGTACGAAATTGGCCTTCGCCATCACCGTACCAAGAAAGGGAAGACAGATGGCGTAGATACTGTTGAACATATCCCATTACGCTACATGATTGCTTTCATCGCTCCCATCGGTCTGACTATTAAGCCGATCTTGGAAAAATCGGGACATCCGCCAGAGGCCGTGGAGCGTATGTGGGCAGCATGGGTTAAGTTGGTGGTGTTACAGGTAGCTATCTGGTCGTACCCCTATGCAAAGACGGGCGAATGGCTCGAGCACCACCACCACCACCACTGA
C3,Variant,FKFNY,ATGGCGGTTCCCGGCTACGATTTTGGCAAAGTCCCGGATGCCCCAATCTCAGACGCGGATTTTGAGAGTTTAAAAAAAACCGTGATGTGGGGTGAGGAAGATGAGAAATATCGCAAAATGGCTTGCGAAGCCTTAAAGGGTCAAGTAGAAGATATTTTAGATTTGTTTAAAGGCTTTAACGGAAGCAATCAACACCTTATCTACTACTTCGGTGATAAGAGTGGTCGTCCAATTCCGCAATACCTGGAAGCGGTCCGCAAGCGTTATGGGTTGTGGATCATTGATACATTGTGTAAGCCACTGGACCGCCAGTGGTTGAATTACATGTACGAAATTGGCCTTCGCCATCACCGTACCAAGAAAGGGAAGACAGATGGCGTAGATACTGTTGAACATATCCCATTACGCTACATGATTGCTTTCATCGCTCCCATCGGTCTGACTATTAAGCCGATCTTGGAAAAATCGGGACATCCGCCAGAGGCCGTGGAGCGTATGTGGGCAGCATGGGTTAAGTTGGTGGTGTTACAGGTAGCTATCTGGTCGTACCCCTATGCAAAGACGGGCGAATGGCTCGAGCACCACCACCACCACCACTGA
C4,Variant,MSFNY,ATGGCGGTTCCCGGCTACGATTTTGGCAAAGTCCCGGATGCCCCAATCTCAGACGCGGATTTTGAGAGTTTAAAAAAAACCGTGATGTGGGGTGAGGAAGATGAGAAATATCGCAAAATGGCTTGCGAAGCCTTAAAGGGTCAAGTAGAAGATATTTTAGATTTGATGAGCGGCTTTAACGGAAGCAATCAACACCTTATCTACTACTTCGGTGATAAGAGTGGTCGTCCAATTCCGCAATACCTGGAAGCGGTCCGCAAGCGTTATGGGTTGTGGATCATTGATACATTGTGTAAGCCACTGGACCGCCAGTGGTTGAATTACATGTACGAAATTGGCCTTCGCCATCACCGTACCAAGAAAGGGAAGACAGATGGCGTAGATACTGTTGAACATATCCCATTACGCTACATGATTGCTTTCATCGCTCCCATCGGTCTGACTATTAAGCCGATCTTGGAAAAATCGGGACATCCGCCAGAGGCCGTGGAGCGTATGTGGGCAGCATGGGTTAAGTTGGTGGTGTTACAGGTAGCTATCTGGTCGTACCCCTATGCAAAGACGGGCGAATGGCTCGAGCACCACCACCACCACCACTGA
C5,Parent,WYLQF,ATGGCGGTTCCCGGCTACGATTTTGGCAAAGTCCCGGATGCCCCAATCTCAGACGCGGATTTTGAGAGTTTAAAAAAAACCGTGATGTGGGGTGAGGAAGATGAGAAATATCGCAAAATGGCTTGCGAAGCCTTAAAGGGTCAAGTAGAAGATATTTTAGATTTGTGGTACGGCCTGCAGGGAAGCAATCAACACCTTATCTACTACTTCGGTGATAAGAGTGGTCGTCCAATTCCGCAATACCTGGAAGCGGTCCGCAAGCGTTTCGGGTTGTGGATCATTGATACATTGTGTAAGCCACTGGACCGCCAGTGGTTGAATTACATGTACGAAATTGGCCTTCGCCATCACCGTACCAAGAAAGGGAAGACAGATGGCGTAGATACTGTTGAACATATCCCATTACGCTACATGATTGCTTTCATCGCTCCCATCGGTCTGACTATTAAGCCGATCTTGGAAAAATCGGGACATCCGCCAGAGGCCGTGGAGCGTATGTGGGCAGCATGGGTTAAGTTGGTGGTGTTACAGGTAGCTATCTGGTCGTACCCCTATGCAAAGACGGGCGAATGGCTCGAGCACCACCACCACCACCACTGA
C6,Variant,SSFNY,ATGGCGGTTCCCGGCTACGATTTTGGCAAAGTCCCGGATGCCCCAATCTCAGACGCGGATTTTGAGAGTTTAAAAAAAACCGTGATGTGGGGTGAGGAAGATGAGAAATATCGCAAAATGGCTTGCGAAGCCTTAAAGGGTCAAGTAGAAGATATTTTAGATTTGAGCAGCGGCTTTAACGGAAGCAATCAACACCTTATCTACTACTTCGGTGATAAGAGTGGTCGTCCAATTCCGCAATACCTGGAAGCGGTCCGCAAGCGTTATGGGTTGTGGATCATTGATACATTGTGTAAGCCACTGGACCGCCAGTGGTTGAATTACATGTACGAAATTGGCCTTCGCCATCACCGTACCAAGAAAGGGAAGACAGATGGCGTAGATACTGTTGAACATATCCCATTACGCTACATGATTGCTTTCATCGCTCCCATCGGTCTGACTATTAAGCCGATCTTGGAAAAATCGGGACATCCGCCAGAGGCCGTGGAGCGTATGTGGGCAGCATGGGTTAAGTTGGTGGTGTTACAGGTAGCTATCTGGTCGTACCCCTATGCAAAGACGGGCGAATGGCTCGAGCACCACCACCACCACCACTGA
C7,Variant,ISFNY,ATGGCGGTTCCCGGCTACGATTTTGGCAAAGTCCCGGATGCCCCAATCTCAGACGCGGATTTTGAGAGTTTAAAAAAAACCGTGATGTGGGGTGAGGAAGATGAGAAATATCGCAAAATGGCTTGCGAAGCCTTAAAGGGTCAAGTAGAAGATATTTTAGATTTGATTAGCGGCTTTAACGGAAGCAATCAACACCTTATCTACTACTTCGGTGATAAGAGTGGTCGTCCAATTCCGCAATACCTGGAAGCGGTCCGCAAGCGTTATGGGTTGTGGATCATTGATACATTGTGTAAGCCACTGGACCGCCAGTGGTTGAATTACATGTACGAAATTGGCCTTCGCCATCACCGTACCAAGAAAGGGAAGACAGATGGCGTAGATACTGTTGAACATATCCCATTACGCTACATGATTGCTTTCATCGCTCCCATCGGTCTGACTATTAAGCCGATCTTGGAAAAATCGGGACATCCGCCAGAGGCCGTGGAGCGTATGTGGGCAGCATGGGTTAAGTTGGTGGTGTTACAGGTAGCTATCTGGTCGTACCCCTATGCAAAGACGGGCGAATGGCTCGAGCACCACCACCACCACCACTGA
C8,Variant,IKFNY,ATGGCGGTTCCCGGCTACGATTTTGGCAAAGTCCCGGATGCCCCAATCTCAGACGCGGATTTTGAGAGTTTAAAAAAAACCGTGATGTGGGGTGAGGAAGATGAGAAATATCGCAAAATGGCTTGCGAAGCCTTAAAGGGTCAAGTAGAAGATATTTTAGATTTGATTAAAGGCTTTAACGGAAGCAATCAACACCTTATCTACTACTTCGGTGATAAGAGTGGTCGTCCAATTCCGCAATACCTGGAAGCGGTCCGCAAGCGTTATGGGTTGTGGATCATTGATACATTGTGTAAGCCACTGGACCGCCAGTGGTTGAATTACATGTACGAAATTGGCCTTCGCCATCACCGTACCAAGAAAGGGAAGACAGATGGCGTAGATACTGTTGAACATATCCCATTACGCTACATGATTGCTTTCATCGCTCCCATCGGTCTGACTATTAAGCCGATCTTGGAAAAATCGGGACATCCGCCAGAGGCCGTGGAGCGTATGTGGGCAGCATGGGTTAAGTTGGTGGTGTTACAGGTAGCTATCTGGTCGTACCCCTATGCAAAGACGGGCGAATGGCTCGAGCACCACCACCACCACCACTGA
C9,Variant,GPFNY,ATGGCGGTTCCCGGCTACGATTTTGGCAAAGTCCCGGATGCCCCAATCTCAGACGCGGATTTTGAGAGTTTAAAAAAAACCGTGATGTGGGGTGAGGAAGATGAGAAATATCGCAAAATGGCTTGCGAAGCCTTAAAGGGTCAAGTAGAAGATATTTTAGATTTGGGCCCGGGCTTTAACGGAAGCAATCAACACCTTATCTACTACTTCGGTGATAAGAGTGGTCGTCCAATTCCGCAATACCTGGAAGCGGTCCGCAAGCGTTATGGGTTGTGGATCATTGATACATTGTGTAAGCCACTGGACCGCCAGTGGTTGAATTACATGTACGAAATTGGCCTTCGCCATCACCGTACCAAGAAAGGGAAGACAGATGGCGTAGATACTGTTGAACATATCCCATTACGCTACATGATTGCTTTCATCGCTCCCATCGGTCTGACTATTAAGCCGATCTTGGAAAAATCGGGACATCCGCCAGAGGCCGTGGAGCGTATGTGGGCAGCATGGGTTAAGTTGGTGGTGTTACAGGTAGCTATCTGGTCGTACCCCTATGCAAAGACGGGCGAATGGCTCGAGCACCACCACCACCACCACTGA
C10,Variant,GCFNY,ATGGCGGTTCCCGGCTACGATTTTGGCAAAGTCCCGGATGCCCCAATCTCAGACGCGGATTTTGAGAGTTTAAAAAAAACCGTGATGTGGGGTGAGGAAGATGAGAAATATCGCAAAATGGCTTGCGAAGCCTTAAAGGGTCAAGTAGAAGATATTTTAGATTTGGGCTGCGGCTTTAACGGAAGCAATCAACACCTTATCTACTACTTCGGTGATAAGAGTGGTCGTCCAATTCCGCAATACCTGGAAGCGGTCCGCAAGCGTTATGGGTTGTGGATCATTGATACATTGTGTAAGCCACTGGACCGCCAGTGGTTGAATTACATGTACGAAATTGGCCTTCGCCATCACCGTACCAAGAAAGGGAAGACAGATGGCGTAGATACTGTTGAACATATCCCATTACGCTACATGATTGCTTTCATCGCTCCCATCGGTCTGACTATTAAGCCGATCTTGGAAAAATCGGGACATCCGCCAGAGGCCGTGGAGCGTATGTGGGCAGCATGGGTTAAGTTGGTGGTGTTACAGGTAGCTATCTGGTCGTACCCCTATGCAAAGACGGGCGAATGGCTCGAGCACCACCACCACCACCACTGA
C11,Variant,FSFSY,ATGGCGGTTCCCGGCTACGATTTTGGCAAAGTCCCGGATGCCCCAATCTCAGACGCGGATTTTGAGAGTTTAAAAAAAACCGTGATGTGGGGTGAGGAAGATGAGAAATATCGCAAAATGGCTTGCGAAGCCTTAAAGGGTCAAGTAGAAGATATTTTAGATTTGTTTAGCGGCTTTAGCGGAAGCAATCAACACCTTATCTACTACTTCGGTGATAAGAGTGGTCGTCCAATTCCGCAATACCTGGAAGCGGTCCGCAAGCGTTATGGGTTGTGGATCATTGATACATTGTGTAAGCCACTGGACCGCCAGTGGTTGAATTACATGTACGAAATTGGCCTTCGCCATCACCGTACCAAGAAAGGGAAGACAGATGGCGTAGATACTGTTGAACATATCCCATTACGCTACATGATTGCTTTCATCGCTCCCATCGGTCTGACTATTAAGCCGATCTTGGAAAAATCGGGACATCCGCCAGAGGCCGTGGAGCGTATGTGGGCAGCATGGGTTAAGTTGGTGGTGTTACAGGTAGCTATCTGGTCGTACCCCTATGCAAAGACGGGCGAATGGCTCGAGCACCACCACCACCACCACTGA
C12,Variant,TKTYY,ATGGCGGTTCCCGGCTACGATTTTGGCAAAGTCCCGGATGCCCCAATCTCAGACGCGGATTTTGAGAGTTTAAAAAAAACCGTGATGTGGGGTGAGGAAGATGAGAAATATCGCAAAATGGCTTGCGAAGCCTTAAAGGGTCAAGTAGAAGATATTTTAGATTTGACCAAAGGCACCTATGGAAGCAATCAACACCTTATCTACTACTTCGGTGATAAGAGTGGTCGTCCAATTCCGCAATACCTGGAAGCGGTCCGCAAGCGTTATGGGTTGTGGATCATTGATACATTGTGTAAGCCACTGGACCGCCAGTGGTTGAATTACATGTACGAAATTGGCCTTCGCCATCACCGTACCAAGAAAGGGAAGACAGATGGCGTAGATACTGTTGAACATATCCCATTACGCTACATGATTGCTTTCATCGCTCCCATCGGTCTGACTATTAAGCCGATCTTGGAAAAATCGGGACATCCGCCAGAGGCCGTGGAGCGTATGTGGGCAGCATGGGTTAAGTTGGTGGTGTTACAGGTAGCTATCTGGTCGTACCCCTATGCAAAGACGGGCGAATGGCTCGAGCACCACCACCACCACCACTGA
D1,Variant,FFFLY,ATGGCGGTTCCCGGCTACGATTTTGGCAAAGTCCCGGATGCCCCAATCTCAGACGCGGATTTTGAGAGTTTAAAAAAAACCGTGATGTGGGGTGAGGAAGATGAGAAATATCGCAAAATGGCTTGCGAAGCCTTAAAGGGTCAAGTAGAAGATATTTTAGATTTGTTTTTTGGCTTTTTAGGAAGCAATCAACACCTTATCTACTACTTCGGTGATAAGAGTGGTCGTCCAATTCCGCAATACCTGGAAGCGGTCCGCAAGCGTTATGGGTTGTGGATCATTGATACATTGTGTAAGCCACTGGACCGCCAGTGGTTGAATTACATGTACGAAATTGGCCTTCGCCATCACCGTACCAAGAAAGGGAAGACAGATGGCGTAGATACTGTTGAACATATCCCATTACGCTACATGATTGCTTTCATCGCTCCCATCGGTCTGACTATTAAGCCGATCTTGGAAAAATCGGGACATCCGCCAGAGGCCGTGGAGCGTATGTGGGCAGCATGGGTTAAGTTGGTGGTGTTACAGGTAGCTATCTGGTCGTACCCCTATGCAAAGACGGGCGAATGGCTCGAGCACCACCACCACCACCACTGA
D2,Variant,SAFNY,ATGGCGGTTCCCGGCTACGATTTTGGCAAAGTCCCGGATGCCCCAATCTCAGACGCGGATTTTGAGAGTTTAAAAAAAACCGTGATGTGGGGTGAGGAAGATGAGAAATATCGCAAAATGGCTTGCGAAGCCTTAAAGGGTCAAGTAGAAGATATTTTAGATTTGAGCGCCGGCTTTAACGGAAGCAATCAACACCTTATCTACTACTTCGGTGATAAGAGTGGTCGTCCAATTCCGCAATACCTGGAAGCGGTCCGCAAGCGTTATGGGTTGTGGATCATTGATACATTGTGTAAGCCACTGGACCGCCAGTGGTTGAATTACATGTACGAAATTGGCCTTCGCCATCACCGTACCAAGAAAGGGAAGACAGATGGCGTAGATACTGTTGAACATATCCCATTACGCTACATGATTGCTTTCATCGCTCCCATCGGTCTGACTATTAAGCCGATCTTGGAAAAATCGGGACATCCGCCAGAGGCCGTGGAGCGTATGTGGGCAGCATGGGTTAAGTTGGTGGTGTTACAGGTAGCTATCTGGTCGTACCCCTATGCAAAGACGGGCGAATGGCTCGAGCACCACCACCACCACCACTGA
D3,Variant,GDFNY,ATGGCGGTTCCCGGCTACGATTTTGGCAAAGTCCCGGATGCCCCAATCTCAGACGCGGATTTTGAGAGTTTAAAAAAAACCGTGATGTGGGGTGAGGAAGATGAGAAATATCGCAAAATGGCTTGCGAAGCCTTAAAGGGTCAAGTAGAAGATATTTTAGATTTGGGCGATGGCTTTAACGGAAGCAATCAACACCTTATCTACTACTTCGGTGATAAGAGTGGTCGTCCAATTCCGCAATACCTGGAAGCGGTCCGCAAGCGTTATGGGTTGTGGATCATTGATACATTGTGTAAGCCACTGGACCGCCAGTGGTTGAATTACATGTACGAAATTGGCCTTCGCCATCACCGTACCAAGAAAGGGAAGACAGATGGCGTAGATACTGTTGAACATATCCCATTACGCTACATGATTGCTTTCATCGCTCCCATCGGTCTGACTATTAAGCCGATCTTGGAAAAATCGGGACATCCGCCAGAGGCCGTGGAGCGTATGTGGGCAGCATGGGTTAAGTTGGTGGTGTTACAGGTAGCTATCTGGTCGTACCCCTATGCAAAGACGGGCGAATGGCTCGAGCACCACCACCACCACCACTGA
D4,Variant,GKTNY,ATGGCGGTTCCCGGCTACGATTTTGGCAAAGTCCCGGATGCCCCAATCTCAGACGCGGATTTTGAGAGTTTAAAAAAAACCGTGATGTGGGGTGAGGAAGATGAGAAATATCGCAAAATGGCTTGCGAAGCCTTAAAGGGTCAAGTAGAAGATATTTTAGATTTGGGCAAAGGCACCAACGGAAGCAATCAACACCTTATCTACTACTTCGGTGATAAGAGTGGTCGTCCAATTCCGCAATACCTGGAAGCGGTCCGCAAGCGTTATGGGTTGTGGATCATTGATACATTGTGTAAGCCACTGGACCGCCAGTGGTTGAATTACATGTACGAAATTGGCCTTCGCCATCACCGTACCAAGAAAGGGAAGACAGATGGCGTAGATACTGTTGAACATATCCCATTACGCTACATGATTGCTTTCATCGCTCCCATCGGTCTGACTATTAAGCCGATCTTGGAAAAATCGGGACATCCGCCAGAGGCCGTGGAGCGTATGTGGGCAGCATGGGTTAAGTTGGTGGTGTTACAGGTAGCTATCTGGTCGTACCCCTATGCAAAGACGGGCGAATGGCTCGAGCACCACCACCACCACCACTGA
D5,Variant,FIFLY,ATGGCGGTTCCCGGCTACGATTTTGGCAAAGTCCCGGATGCCCCAATCTCAGACGCGGATTTTGAGAGTTTAAAAAAAACCGTGATGTGGGGTGAGGAAGATGAGAAATATCGCAAAATGGCTTGCGAAGCCTTAAAGGGTCAAGTAGAAGATATTTTAGATTTGTTTATTGGCTTTTTAGGAAGCAATCAACACCTTATCTACTACTTCGGTGATAAGAGTGGTCGTCCAATTCCGCAATACCTGGAAGCGGTCCGCAAGCGTTATGGGTTGTGGATCATTGATACATTGTGTAAGCCACTGGACCGCCAGTGGTTGAATTACATGTACGAAATTGGCCTTCGCCATCACCGTACCAAGAAAGGGAAGACAGATGGCGTAGATACTGTTGAACATATCCCATTACGCTACATGATTGCTTTCATCGCTCCCATCGGTCTGACTATTAAGCCGATCTTGGAAAAATCGGGACATCCGCCAGAGGCCGTGGAGCGTATGTGGGCAGCATGGGTTAAGTTGGTGGTGTTACAGGTAGCTATCTGGTCGTACCCCTATGCAAAGACGGGCGAATGGCTCGAGCACCACCACCACCACCACTGA
D6,Parent,WYLQF,ATGGCGGTTCCCGGCTACGATTTTGGCAAAGTCCCGGATGCCCCAATCTCAGACGCGGATTTTGAGAGTTTAAAAAAAACCGTGATGTGGGGTGAGGAAGATGAGAAATATCGCAAAATGGCTTGCGAAGCCTTAAAGGGTCAAGTAGAAGATATTTTAGATTTGTGGTACGGCCTGCAGGGAAGCAATCAACACCTTATCTACTACTTCGGTGATAAGAGTGGTCGTCCAATTCCGCAATACCTGGAAGCGGTCCGCAAGCGTTTCGGGTTGTGGATCATTGATACATTGTGTAAGCCACTGGACCGCCAGTGGTTGAATTACATGTACGAAATTGGCCTTCGCCATCACCGTACCAAGAAAGGGAAGACAGATGGCGTAGATACTGTTGAACATATCCCATTACGCTACATGATTGCTTTCATCGCTCCCATCGGTCTGACTATTAAGCCGATCTTGGAAAAATCGGGACATCCGCCAGAGGCCGTGGAGCGTATGTGGGCAGCATGGGTTAAGTTGGTGGTGTTACAGGTAGCTATCTGGTCGTACCCCTATGCAAAGACGGGCGAATGGCTCGAGCACCACCACCACCACCACTGA
D7,Variant,IIFNY,ATGGCGGTTCCCGGCTACGATTTTGGCAAAGTCCCGGATGCCCCAATCTCAGACGCGGATTTTGAGAGTTTAAAAAAAACCGTGATGTGGGGTGAGGAAGATGAGAAATATCGCAAAATGGCTTGCGAAGCCTTAAAGGGTCAAGTAGAAGATATTTTAGATTTGATTATTGGCTTTAACGGAAGCAATCAACACCTTATCTACTACTTCGGTGATAAGAGTGGTCGTCCAATTCCGCAATACCTGGAAGCGGTCCGCAAGCGTTATGGGTTGTGGATCATTGATACATTGTGTAAGCCACTGGACCGCCAGTGGTTGAATTACATGTACGAAATTGGCCTTCGCCATCACCGTACCAAGAAAGGGAAGACAGATGGCGTAGATACTGTTGAACATATCCCATTACGCTACATGATTGCTTTCATCGCTCCCATCGGTCTGACTATTAAGCCGATCTTGGAAAAATCGGGACATCCGCCAGAGGCCGTGGAGCGTATGTGGGCAGCATGGGTTAAGTTGGTGGTGTTACAGGTAGCTATCTGGTCGTACCCCTATGCAAAGACGGGCGAATGGCTCGAGCACCACCACCACCACCACTGA
D8,Variant,TSTYY,ATGGCGGTTCCCGGCTACGATTTTGGCAAAGTCCCGGATGCCCCAATCTCAGACGCGGATTTTGAGAGTTTAAAAAAAACCGTGATGTGGGGTGAGGAAGATGAGAAATATCGCAAAATGGCTTGCGAAGCCTTAAAGGGTCAAGTAGAAGATATTTTAGATTTGACCAGCGGCACCTATGGAAGCAATCAACACCTTATCTACTACTTCGGTGATAAGAGTGGTCGTCCAATTCCGCAATACCTGGAAGCGGTCCGCAAGCGTTATGGGTTGTGGATCATTGATACATTGTGTAAGCCACTGGACCGCCAGTGGTTGAATTACATGTACGAAATTGGCCTTCGCCATCACCGTACCAAGAAAGGGAAGACAGATGGCGTAGATACTGTTGAACATATCCCATTACGCTACATGATTGCTTTCATCGCTCCCATCGGTCTGACTATTAAGCCGATCTTGGAAAAATCGGGACATCCGCCAGAGGCCGTGGAGCGTATGTGGGCAGCATGGGTTAAGTTGGTGGTGTTACAGGTAGCTATCTGGTCGTACCCCTATGCAAAGACGGGCGAATGGCTCGAGCACCACCACCACCACCACTGA
D9,Variant,FSFRY,ATGGCGGTTCCCGGCTACGATTTTGGCAAAGTCCCGGATGCCCCAATCTCAGACGCGGATTTTGAGAGTTTAAAAAAAACCGTGATGTGGGGTGAGGAAGATGAGAAATATCGCAAAATGGCTTGCGAAGCCTTAAAGGGTCAAGTAGAAGATATTTTAGATTTGTTTAGCGGCTTTCGTGGAAGCAATCAACACCTTATCTACTACTTCGGTGATAAGAGTGGTCGTCCAATTCCGCAATACCTGGAAGCGGTCCGCAAGCGTTATGGGTTGTGGATCATTGATACATTGTGTAAGCCACTGGACCGCCAGTGGTTGAATTACATGTACGAAATTGGCCTTCGCCATCACCGTACCAAGAAAGGGAAGACAGATGGCGTAGATACTGTTGAACATATCCCATTACGCTACATGATTGCTTTCATCGCTCCCATCGGTCTGACTATTAAGCCGATCTTGGAAAAATCGGGACATCCGCCAGAGGCCGTGGAGCGTATGTGGGCAGCATGGGTTAAGTTGGTGGTGTTACAGGTAGCTATCTGGTCGTACCCCTATGCAAAGACGGGCGAATGGCTCGAGCACCACCACCACCACCACTGA
D10,Variant,FSTNY,ATGGCGGTTCCCGGCTACGATTTTGGCAAAGTCCCGGATGCCCCAATCTCAGACGCGGATTTTGAGAGTTTAAAAAAAACCGTGATGTGGGGTGAGGAAGATGAGAAATATCGCAAAATGGCTTGCGAAGCCTTAAAGGGTCAAGTAGAAGATATTTTAGATTTGTTTAGCGGCACCAACGGAAGCAATCAACACCTTATCTACTACTTCGGTGATAAGAGTGGTCGTCCAATTCCGCAATACCTGGAAGCGGTCCGCAAGCGTTATGGGTTGTGGATCATTGATACATTGTGTAAGCCACTGGACCGCCAGTGGTTGAATTACATGTACGAAATTGGCCTTCGCCATCACCGTACCAAGAAAGGGAAGACAGATGGCGTAGATACTGTTGAACATATCCCATTACGCTACATGATTGCTTTCATCGCTCCCATCGGTCTGACTATTAAGCCGATCTTGGAAAAATCGGGACATCCGCCAGAGGCCGTGGAGCGTATGTGGGCAGCATGGGTTAAGTTGGTGGTGTTACAGGTAGCTATCTGGTCGTACCCCTATGCAAAGACGGGCGAATGGCTCGAGCACCACCACCACCACCACTGA
D11,Variant,FAFYY,ATGGCGGTTCCCGGCTACGATTTTGGCAAAGTCCCGGATGCCCCAATCTCAGACGCGGATTTTGAGAGTTTAAAAAAAACCGTGATGTGGGGTGAGGAAGATGAGAAATATCGCAAAATGGCTTGCGAAGCCTTAAAGGGTCAAGTAGAAGATATTTTAGATTTGTTTGCCGGCTTTTATGGAAGCAATCAACACCTTATCTACTACTTCGGTGATAAGAGTGGTCGTCCAATTCCGCAATACCTGGAAGCGGTCCGCAAGCGTTATGGGTTGTGGATCATTGATACATTGTGTAAGCCACTGGACCGCCAGTGGTTGAATTACATGTACGAAATTGGCCTTCGCCATCACCGTACCAAGAAAGGGAAGACAGATGGCGTAGATACTGTTGAACATATCCCATTACGCTACATGATTGCTTTCATCGCTCCCATCGGTCTGACTATTAAGCCGATCTTGGAAAAATCGGGACATCCGCCAGAGGCCGTGGAGCGTATGTGGGCAGCATGGGTTAAGTTGGTGGTGTTACAGGTAGCTATCTGGTCGTACCCCTATGCAAAGACGGGCGAATGGCTCGAGCACCACCACCACCACCACTGA
D12,Variant,QIGNY,ATGGCGGTTCCCGGCTACGATTTTGGCAAAGTCCCGGATGCCCCAATCTCAGACGCGGATTTTGAGAGTTTAAAAAAAACCGTGATGTGGGGTGAGGAAGATGAGAAATATCGCAAAATGGCTTGCGAAGCCTTAAAGGGTCAAGTAGAAGATATTTTAGATTTGCAGATTGGCGGCAACGGAAGCAATCAACACCTTATCTACTACTTCGGTGATAAGAGTGGTCGTCCAATTCCGCAATACCTGGAAGCGGTCCGCAAGCGTTATGGGTTGTGGATCATTGATACATTGTGTAAGCCACTGGACCGCCAGTGGTTGAATTACATGTACGAAATTGGCCTTCGCCATCACCGTACCAAGAAAGGGAAGACAGATGGCGTAGATACTGTTGAACATATCCCATTACGCTACATGATTGCTTTCATCGCTCCCATCGGTCTGACTATTAAGCCGATCTTGGAAAAATCGGGACATCCGCCAGAGGCCGTGGAGCGTATGTGGGCAGCATGGGTTAAGTTGGTGGTGTTACAGGTAGCTATCTGGTCGTACCCCTATGCAAAGACGGGCGAATGGCTCGAGCACCACCACCACCACCACTGA
E1,Variant,QGFNY,ATGGCGGTTCCCGGCTACGATTTTGGCAAAGTCCCGGATGCCCCAATCTCAGACGCGGATTTTGAGAGTTTAAAAAAAACCGTGATGTGGGGTGAGGAAGATGAGAAATATCGCAAAATGGCTTGCGAAGCCTTAAAGGGTCAAGTAGAAGATATTTTAGATTTGCAGGGCGGCTTTAACGGAAGCAATCAACACCTTATCTACTACTTCGGTGATAAGAGTGGTCGTCCAATTCCGCAATACCTGGAAGCGGTCCGCAAGCGTTATGGGTTGTGGATCATTGATACATTGTGTAAGCCACTGGACCGCCAGTGGTTGAATTACATGTACGAAATTGGCCTTCGCCATCACCGTACCAAGAAAGGGAAGACAGATGGCGTAGATACTGTTGAACATATCCCATTACGCTACATGATTGCTTTCATCGCTCCCATCGGTCTGACTATTAAGCCGATCTTGGAAAAATCGGGACATCCGCCAGAGGCCGTGGAGCGTATGTGGGCAGCATGGGTTAAGTTGGTGGTGTTACAGGTAGCTATCTGGTCGTACCCCTATGCAAAGACGGGCGAATGGCTCGAGCACCACCACCACCACCACTGA
E2,Variant,FATAY,ATGGCGGTTCCCGGCTACGATTTTGGCAAAGTCCCGGATGCCCCAATCTCAGACGCGGATTTTGAGAGTTTAAAAAAAACCGTGATGTGGGGTGAGGAAGATGAGAAATATCGCAAAATGGCTTGCGAAGCCTTAAAGGGTCAAGTAGAAGATATTTTAGATTTGTTTGCCGGCACCGCCGGAAGCAATCAACACCTTATCTACTACTTCGGTGATAAGAGTGGTCGTCCAATTCCGCAATACCTGGAAGCGGTCCGCAAGCGTTATGGGTTGTGGATCATTGATACATTGTGTAAGCCACTGGACCGCCAGTGGTTGAATTACATGTACGAAATTGGCCTTCGCCATCACCGTACCAAGAAAGGGAAGACAGATGGCGTAGATACTGTTGAACATATCCCATTACGCTACATGATTGCTTTCATCGCTCCCATCGGTCTGACTATTAAGCCGATCTTGGAAAAATCGGGACATCCGCCAGAGGCCGTGGAGCGTATGTGGGCAGCATGGGTTAAGTTGGTGGTGTTACAGGTAGCTATCTGGTCGTACCCCTATGCAAAGACGGGCGAATGGCTCGAGCACCACCACCACCACCACTGA
E3,Variant,FPFNY,ATGGCGGTTCCCGGCTACGATTTTGGCAAAGTCCCGGATGCCCCAATCTCAGACGCGGATTTTGAGAGTTTAAAAAAAACCGTGATGTGGGGTGAGGAAGATGAGAAATATCGCAAAATGGCTTGCGAAGCCTTAAAGGGTCAAGTAGAAGATATTTTAGATTTGTTTCCGGGCTTTAACGGAAGCAATCAACACCTTATCTACTACTTCGGTGATAAGAGTGGTCGTCCAATTCCGCAATACCTGGAAGCGGTCCGCAAGCGTTATGGGTTGTGGATCATTGATACATTGTGTAAGCCACTGGACCGCCAGTGGTTGAATTACATGTACGAAATTGGCCTTCGCCATCACCGTACCAAGAAAGGGAAGACAGATGGCGTAGATACTGTTGAACATATCCCATTACGCTACATGATTGCTTTCATCGCTCCCATCGGTCTGACTATTAAGCCGATCTTGGAAAAATCGGGACATCCGCCAGAGGCCGTGGAGCGTATGTGGGCAGCATGGGTTAAGTTGGTGGTGTTACAGGTAGCTATCTGGTCGTACCCCTATGCAAAGACGGGCGAATGGCTCGAGCACCACCACCACCACCACTGA
E4,Variant,FATNY,ATGGCGGTTCCCGGCTACGATTTTGGCAAAGTCCCGGATGCCCCAATCTCAGACGCGGATTTTGAGAGTTTAAAAAAAACCGTGATGTGGGGTGAGGAAGATGAGAAATATCGCAAAATGGCTTGCGAAGCCTTAAAGGGTCAAGTAGAAGATATTTTAGATTTGTTTGCCGGCACCAACGGAAGCAATCAACACCTTATCTACTACTTCGGTGATAAGAGTGGTCGTCCAATTCCGCAATACCTGGAAGCGGTCCGCAAGCGTTATGGGTTGTGGATCATTGATACATTGTGTAAGCCACTGGACCGCCAGTGGTTGAATTACATGTACGAAATTGGCCTTCGCCATCACCGTACCAAGAAAGGGAAGACAGATGGCGTAGATACTGTTGAACATATCCCATTACGCTACATGATTGCTTTCATCGCTCCCATCGGTCTGACTATTAAGCCGATCTTGGAAAAATCGGGACATCCGCCAGAGGCCGTGGAGCGTATGTGGGCAGCATGGGTTAAGTTGGTGGTGTTACAGGTAGCTATCTGGTCGTACCCCTATGCAAAGACGGGCGAATGGCTCGAGCACCACCACCACCACCACTGA
E5,Variant,GKFNY,ATGGCGGTTCCCGGCTACGATTTTGGCAAAGTCCCGGATGCCCCAATCTCAGACGCGGATTTTGAGAGTTTAAAAAAAACCGTGATGTGGGGTGAGGAAGATGAGAAATATCGCAAAATGGCTTGCGAAGCCTTAAAGGGTCAAGTAGAAGATATTTTAGATTTGGGCAAAGGCTTTAACGGAAGCAATCAACACCTTATCTACTACTTCGGTGATAAGAGTGGTCGTCCAATTCCGCAATACCTGGAAGCGGTCCGCAAGCGTTATGGGTTGTGGATCATTGATACATTGTGTAAGCCACTGGACCGCCAGTGGTTGAATTACATGTACGAAATTGGCCTTCGCCATCACCGTACCAAGAAAGGGAAGACAGATGGCGTAGATACTGTTGAACATATCCCATTACGCTACATGATTGCTTTCATCGCTCCCATCGGTCTGACTATTAAGCCGATCTTGGAAAAATCGGGACATCCGCCAGAGGCCGTGGAGCGTATGTGGGCAGCATGGGTTAAGTTGGTGGTGTTACAGGTAGCTATCTGGTCGTACCCCTATGCAAAGACGGGCGAATGGCTCGAGCACCACCACCACCACCACTGA
E6,Variant,MIFNY,ATGGCGGTTCCCGGCTACGATTTTGGCAAAGTCCCGGATGCCCCAATCTCAGACGCGGATTTTGAGAGTTTAAAAAAAACCGTGATGTGGGGTGAGGAAGATGAGAAATATCGCAAAATGGCTTGCGAAGCCTTAAAGGGTCAAGTAGAAGATATTTTAGATTTGATGATTGGCTTTAACGGAAGCAATCAACACCTTATCTACTACTTCGGTGATAAGAGTGGTCGTCCAATTCCGCAATACCTGGAAGCGGTCCGCAAGCGTTATGGGTTGTGGATCATTGATACATTGTGTAAGCCACTGGACCGCCAGTGGTTGAATTACATGTACGAAATTGGCCTTCGCCATCACCGTACCAAGAAAGGGAAGACAGATGGCGTAGATACTGTTGAACATATCCCATTACGCTACATGATTGCTTTCATCGCTCCCATCGGTCTGACTATTAAGCCGATCTTGGAAAAATCGGGACATCCGCCAGAGGCCGTGGAGCGTATGTGGGCAGCATGGGTTAAGTTGGTGGTGTTACAGGTAGCTATCTGGTCGTACCCCTATGCAAAGACGGGCGAATGGCTCGAGCACCACCACCACCACCACTGA
E7,Parent,WYLQF,ATGGCGGTTCCCGGCTACGATTTTGGCAAAGTCCCGGATGCCCCAATCTCAGACGCGGATTTTGAGAGTTTAAAAAAAACCGTGATGTGGGGTGAGGAAGATGAGAAATATCGCAAAATGGCTTGCGAAGCCTTAAAGGGTCAAGTAGAAGATATTTTAGATTTGTGGTACGGCCTGCAGGGAAGCAATCAACACCTTATCTACTACTTCGGTGATAAGAGTGGTCGTCCAATTCCGCAATACCTGGAAGCGGTCCGCAAGCGTTTCGGGTTGTGGATCATTGATACATTGTGTAAGCCACTGGACCGCCAGTGGTTGAATTACATGTACGAAATTGGCCTTCGCCATCACCGTACCAAGAAAGGGAAGACAGATGGCGTAGATACTGTTGAACATATCCCATTACGCTACATGATTGCTTTCATCGCTCCCATCGGTCTGACTATTAAGCCGATCTTGGAAAAATCGGGACATCCGCCAGAGGCCGTGGAGCGTATGTGGGCAGCATGGGTTAAGTTGGTGGTGTTACAGGTAGCTATCTGGTCGTACCCCTATGCAAAGACGGGCGAATGGCTCGAGCACCACCACCACCACCACTGA
E8,Variant,FFFSY,ATGGCGGTTCCCGGCTACGATTTTGGCAAAGTCCCGGATGCCCCAATCTCAGACGCGGATTTTGAGAGTTTAAAAAAAACCGTGATGTGGGGTGAGGAAGATGAGAAATATCGCAAAATGGCTTGCGAAGCCTTAAAGGGTCAAGTAGAAGATATTTTAGATTTGTTTTTTGGCTTTAGCGGAAGCAATCAACACCTTATCTACTACTTCGGTGATAAGAGTGGTCGTCCAATTCCGCAATACCTGGAAGCGGTCCGCAAGCGTTATGGGTTGTGGATCATTGATACATTGTGTAAGCCACTGGACCGCCAGTGGTTGAATTACATGTACGAAATTGGCCTTCGCCATCACCGTACCAAGAAAGGGAAGACAGATGGCGTAGATACTGTTGAACATATCCCATTACGCTACATGATTGCTTTCATCGCTCCCATCGGTCTGACTATTAAGCCGATCTTGGAAAAATCGGGACATCCGCCAGAGGCCGTGGAGCGTATGTGGGCAGCATGGGTTAAGTTGGTGGTGTTACAGGTAGCTATCTGGTCGTACCCCTATGCAAAGACGGGCGAATGGCTCGAGCACCACCACCACCACCACTGA
E9,Variant,FQFNY,ATGGCGGTTCCCGGCTACGATTTTGGCAAAGTCCCGGATGCCCCAATCTCAGACGCGGATTTTGAGAGTTTAAAAAAAACCGTGATGTGGGGTGAGGAAGATGAGAAATATCGCAAAATGGCTTGCGAAGCCTTAAAGGGTCAAGTAGAAGATATTTTAGATTTGTTTCAGGGCTTTAACGGAAGCAATCAACACCTTATCTACTACTTCGGTGATAAGAGTGGTCGTCCAATTCCGCAATACCTGGAAGCGGTCCGCAAGCGTTATGGGTTGTGGATCATTGATACATTGTGTAAGCCACTGGACCGCCAGTGGTTGAATTACATGTACGAAATTGGCCTTCGCCATCACCGTACCAAGAAAGGGAAGACAGATGGCGTAGATACTGTTGAACATATCCCATTACGCTACATGATTGCTTTCATCGCTCCCATCGGTCTGACTATTAAGCCGATCTTGGAAAAATCGGGACATCCGCCAGAGGCCGTGGAGCGTATGTGGGCAGCATGGGTTAAGTTGGTGGTGTTACAGGTAGCTATCTGGTCGTACCCCTATGCAAAGACGGGCGAATGGCTCGAGCACCACCACCACCACCACTGA
E10,Variant,GGFNY,ATGGCGGTTCCCGGCTACGATTTTGGCAAAGTCCCGGATGCCCCAATCTCAGACGCGGATTTTGAGAGTTTAAAAAAAACCGTGATGTGGGGTGAGGAAGATGAGAAATATCGCAAAATGGCTTGCGAAGCCTTAAAGGGTCAAGTAGAAGATATTTTAGATTTGGGCGGCGGCTTTAACGGAAGCAATCAACACCTTATCTACTACTTCGGTGATAAGAGTGGTCGTCCAATTCCGCAATACCTGGAAGCGGTCCGCAAGCGTTATGGGTTGTGGATCATTGATACATTGTGTAAGCCACTGGACCGCCAGTGGTTGAATTACATGTACGAAATTGGCCTTCGCCATCACCGTACCAAGAAAGGGAAGACAGATGGCGTAGATACTGTTGAACATATCCCATTACGCTACATGATTGCTTTCATCGCTCCCATCGGTCTGACTATTAAGCCGATCTTGGAAAAATCGGGACATCCGCCAGAGGCCGTGGAGCGTATGTGGGCAGCATGGGTTAAGTTGGTGGTGTTACAGGTAGCTATCTGGTCGTACCCCTATGCAAAGACGGGCGAATGGCTCGAGCACCACCACCACCACCACTGA
E11,Variant,GKTYY,ATGGCGGTTCCCGGCTACGATTTTGGCAAAGTCCCGGATGCCCCAATCTCAGACGCGGATTTTGAGAGTTTAAAAAAAACCGTGATGTGGGGTGAGGAAGATGAGAAATATCGCAAAATGGCTTGCGAAGCCTTAAAGGGTCAAGTAGAAGATATTTTAGATTTGGGCAAAGGCACCTATGGAAGCAATCAACACCTTATCTACTACTTCGGTGATAAGAGTGGTCGTCCAATTCCGCAATACCTGGAAGCGGTCCGCAAGCGTTATGGGTTGTGGATCATTGATACATTGTGTAAGCCACTGGACCGCCAGTGGTTGAATTACATGTACGAAATTGGCCTTCGCCATCACCGTACCAAGAAAGGGAAGACAGATGGCGTAGATACTGTTGAACATATCCCATTACGCTACATGATTGCTTTCATCGCTCCCATCGGTCTGACTATTAAGCCGATCTTGGAAAAATCGGGACATCCGCCAGAGGCCGTGGAGCGTATGTGGGCAGCATGGGTTAAGTTGGTGGTGTTACAGGTAGCTATCTGGTCGTACCCCTATGCAAAGACGGGCGAATGGCTCGAGCACCACCACCACCACCACTGA
E12,Variant,GAFNY,ATGGCGGTTCCCGGCTACGATTTTGGCAAAGTCCCGGATGCCCCAATCTCAGACGCGGATTTTGAGAGTTTAAAAAAAACCGTGATGTGGGGTGAGGAAGATGAGAAATATCGCAAAATGGCTTGCGAAGCCTTAAAGGGTCAAGTAGAAGATATTTTAGATTTGGGCGCCGGCTTTAACGGAAGCAATCAACACCTTATCTACTACTTCGGTGATAAGAGTGGTCGTCCAATTCCGCAATACCTGGAAGCGGTCCGCAAGCGTTATGGGTTGTGGATCATTGATACATTGTGTAAGCCACTGGACCGCCAGTGGTTGAATTACATGTACGAAATTGGCCTTCGCCATCACCGTACCAAGAAAGGGAAGACAGATGGCGTAGATACTGTTGAACATATCCCATTACGCTACATGATTGCTTTCATCGCTCCCATCGGTCTGACTATTAAGCCGATCTTGGAAAAATCGGGACATCCGCCAGAGGCCGTGGAGCGTATGTGGGCAGCATGGGTTAAGTTGGTGGTGTTACAGGTAGCTATCTGGTCGTACCCCTATGCAAAGACGGGCGAATGGCTCGAGCACCACCACCACCACCACTGA
F1,Variant,LKTNY,ATGGCGGTTCCCGGCTACGATTTTGGCAAAGTCCCGGATGCCCCAATCTCAGACGCGGATTTTGAGAGTTTAAAAAAAACCGTGATGTGGGGTGAGGAAGATGAGAAATATCGCAAAATGGCTTGCGAAGCCTTAAAGGGTCAAGTAGAAGATATTTTAGATTTGTTAAAAGGCACCAACGGAAGCAATCAACACCTTATCTACTACTTCGGTGATAAGAGTGGTCGTCCAATTCCGCAATACCTGGAAGCGGTCCGCAAGCGTTATGGGTTGTGGATCATTGATACATTGTGTAAGCCACTGGACCGCCAGTGGTTGAATTACATGTACGAAATTGGCCTTCGCCATCACCGTACCAAGAAAGGGAAGACAGATGGCGTAGATACTGTTGAACATATCCCATTACGCTACATGATTGCTTTCATCGCTCCCATCGGTCTGACTATTAAGCCGATCTTGGAAAAATCGGGACATCCGCCAGAGGCCGTGGAGCGTATGTGGGCAGCATGGGTTAAGTTGGTGGTGTTACAGGTAGCTATCTGGTCGTACCCCTATGCAAAGACGGGCGAATGGCTCGAGCACCACCACCACCACCACTGA
F2,Variant,MYFNY,ATGGCGGTTCCCGGCTACGATTTTGGCAAAGTCCCGGATGCCCCAATCTCAGACGCGGATTTTGAGAGTTTAAAAAAAACCGTGATGTGGGGTGAGGAAGATGAGAAATATCGCAAAATGGCTTGCGAAGCCTTAAAGGGTCAAGTAGAAGATATTTTAGATTTGATGTATGGCTTTAACGGAAGCAATCAACACCTTATCTACTACTTCGGTGATAAGAGTGGTCGTCCAATTCCGCAATACCTGGAAGCGGTCCGCAAGCGTTATGGGTTGTGGATCATTGATACATTGTGTAAGCCACTGGACCGCCAGTGGTTGAATTACATGTACGAAATTGGCCTTCGCCATCACCGTACCAAGAAAGGGAAGACAGATGGCGTAGATACTGTTGAACATATCCCATTACGCTACATGATTGCTTTCATCGCTCCCATCGGTCTGACTATTAAGCCGATCTTGGAAAAATCGGGACATCCGCCAGAGGCCGTGGAGCGTATGTGGGCAGCATGGGTTAAGTTGGTGGTGTTACAGGTAGCTATCTGGTCGTACCCCTATGCAAAGACGGGCGAATGGCTCGAGCACCACCACCACCACCACTGA
F3,Variant,MKFNY,ATGGCGGTTCCCGGCTACGATTTTGGCAAAGTCCCGGATGCCCCAATCTCAGACGCGGATTTTGAGAGTTTAAAAAAAACCGTGATGTGGGGTGAGGAAGATGAGAAATATCGCAAAATGGCTTGCGAAGCCTTAAAGGGTCAAGTAGAAGATATTTTAGATTTGATGAAAGGCTTTAACGGAAGCAATCAACACCTTATCTACTACTTCGGTGATAAGAGTGGTCGTCCAATTCCGCAATACCTGGAAGCGGTCCGCAAGCGTTATGGGTTGTGGATCATTGATACATTGTGTAAGCCACTGGACCGCCAGTGGTTGAATTACATGTACGAAATTGGCCTTCGCCATCACCGTACCAAGAAAGGGAAGACAGATGGCGTAGATACTGTTGAACATATCCCATTACGCTACATGATTGCTTTCATCGCTCCCATCGGTCTGACTATTAAGCCGATCTTGGAAAAATCGGGACATCCGCCAGAGGCCGTGGAGCGTATGTGGGCAGCATGGGTTAAGTTGGTGGTGTTACAGGTAGCTATCTGGTCGTACCCCTATGCAAAGACGGGCGAATGGCTCGAGCACCACCACCACCACCACTGA
F4,Variant,FIFSY,ATGGCGGTTCCCGGCTACGATTTTGGCAAAGTCCCGGATGCCCCAATCTCAGACGCGGATTTTGAGAGTTTAAAAAAAACCGTGATGTGGGGTGAGGAAGATGAGAAATATCGCAAAATGGCTTGCGAAGCCTTAAAGGGTCAAGTAGAAGATATTTTAGATTTGTTTATTGGCTTTAGCGGAAGCAATCAACACCTTATCTACTACTTCGGTGATAAGAGTGGTCGTCCAATTCCGCAATACCTGGAAGCGGTCCGCAAGCGTTATGGGTTGTGGATCATTGATACATTGTGTAAGCCACTGGACCGCCAGTGGTTGAATTACATGTACGAAATTGGCCTTCGCCATCACCGTACCAAGAAAGGGAAGACAGATGGCGTAGATACTGTTGAACATATCCCATTACGCTACATGATTGCTTTCATCGCTCCCATCGGTCTGACTATTAAGCCGATCTTGGAAAAATCGGGACATCCGCCAGAGGCCGTGGAGCGTATGTGGGCAGCATGGGTTAAGTTGGTGGTGTTACAGGTAGCTATCTGGTCGTACCCCTATGCAAAGACGGGCGAATGGCTCGAGCACCACCACCACCACCACTGA
F5,Variant,FIGNY,ATGGCGGTTCCCGGCTACGATTTTGGCAAAGTCCCGGATGCCCCAATCTCAGACGCGGATTTTGAGAGTTTAAAAAAAACCGTGATGTGGGGTGAGGAAGATGAGAAATATCGCAAAATGGCTTGCGAAGCCTTAAAGGGTCAAGTAGAAGATATTTTAGATTTGTTTATTGGCGGCAACGGAAGCAATCAACACCTTATCTACTACTTCGGTGATAAGAGTGGTCGTCCAATTCCGCAATACCTGGAAGCGGTCCGCAAGCGTTATGGGTTGTGGATCATTGATACATTGTGTAAGCCACTGGACCGCCAGTGGTTGAATTACATGTACGAAATTGGCCTTCGCCATCACCGTACCAAGAAAGGGAAGACAGATGGCGTAGATACTGTTGAACATATCCCATTACGCTACATGATTGCTTTCATCGCTCCCATCGGTCTGACTATTAAGCCGATCTTGGAAAAATCGGGACATCCGCCAGAGGCCGTGGAGCGTATGTGGGCAGCATGGGTTAAGTTGGTGGTGTTACAGGTAGCTATCTGGTCGTACCCCTATGCAAAGACGGGCGAATGGCTCGAGCACCACCACCACCACCACTGA
F6,Variant,FDFNY,ATGGCGGTTCCCGGCTACGATTTTGGCAAAGTCCCGGATGCCCCAATCTCAGACGCGGATTTTGAGAGTTTAAAAAAAACCGTGATGTGGGGTGAGGAAGATGAGAAATATCGCAAAATGGCTTGCGAAGCCTTAAAGGGTCAAGTAGAAGATATTTTAGATTTGTTTGATGGCTTTAACGGAAGCAATCAACACCTTATCTACTACTTCGGTGATAAGAGTGGTCGTCCAATTCCGCAATACCTGGAAGCGGTCCGCAAGCGTTATGGGTTGTGGATCATTGATACATTGTGTAAGCCACTGGACCGCCAGTGGTTGAATTACATGTACGAAATTGGCCTTCGCCATCACCGTACCAAGAAAGGGAAGACAGATGGCGTAGATACTGTTGAACATATCCCATTACGCTACATGATTGCTTTCATCGCTCCCATCGGTCTGACTATTAAGCCGATCTTGGAAAAATCGGGACATCCGCCAGAGGCCGTGGAGCGTATGTGGGCAGCATGGGTTAAGTTGGTGGTGTTACAGGTAGCTATCTGGTCGTACCCCTATGCAAAGACGGGCGAATGGCTCGAGCACCACCACCACCACCACTGA
F7,Variant,IYFNY,ATGGCGGTTCCCGGCTACGATTTTGGCAAAGTCCCGGATGCCCCAATCTCAGACGCGGATTTTGAGAGTTTAAAAAAAACCGTGATGTGGGGTGAGGAAGATGAGAAATATCGCAAAATGGCTTGCGAAGCCTTAAAGGGTCAAGTAGAAGATATTTTAGATTTGATTTATGGCTTTAACGGAAGCAATCAACACCTTATCTACTACTTCGGTGATAAGAGTGGTCGTCCAATTCCGCAATACCTGGAAGCGGTCCGCAAGCGTTATGGGTTGTGGATCATTGATACATTGTGTAAGCCACTGGACCGCCAGTGGTTGAATTACATGTACGAAATTGGCCTTCGCCATCACCGTACCAAGAAAGGGAAGACAGATGGCGTAGATACTGTTGAACATATCCCATTACGCTACATGATTGCTTTCATCGCTCCCATCGGTCTGACTATTAAGCCGATCTTGGAAAAATCGGGACATCCGCCAGAGGCCGTGGAGCGTATGTGGGCAGCATGGGTTAAGTTGGTGGTGTTACAGGTAGCTATCTGGTCGTACCCCTATGCAAAGACGGGCGAATGGCTCGAGCACCACCACCACCACCACTGA
F8,Parent,WYLQF,ATGGCGGTTCCCGGCTACGATTTTGGCAAAGTCCCGGATGCCCCAATCTCAGACGCGGATTTTGAGAGTTTAAAAAAAACCGTGATGTGGGGTGAGGAAGATGAGAAATATCGCAAAATGGCTTGCGAAGCCTTAAAGGGTCAAGTAGAAGATATTTTAGATTTGTGGTACGGCCTGCAGGGAAGCAATCAACACCTTATCTACTACTTCGGTGATAAGAGTGGTCGTCCAATTCCGCAATACCTGGAAGCGGTCCGCAAGCGTTTCGGGTTGTGGATCATTGATACATTGTGTAAGCCACTGGACCGCCAGTGGTTGAATTACATGTACGAAATTGGCCTTCGCCATCACCGTACCAAGAAAGGGAAGACAGATGGCGTAGATACTGTTGAACATATCCCATTACGCTACATGATTGCTTTCATCGCTCCCATCGGTCTGACTATTAAGCCGATCTTGGAAAAATCGGGACATCCGCCAGAGGCCGTGGAGCGTATGTGGGCAGCATGGGTTAAGTTGGTGGTGTTACAGGTAGCTATCTGGTCGTACCCCTATGCAAAGACGGGCGAATGGCTCGAGCACCACCACCACCACCACTGA
F9,Variant,MKTNY,ATGGCGGTTCCCGGCTACGATTTTGGCAAAGTCCCGGATGCCCCAATCTCAGACGCGGATTTTGAGAGTTTAAAAAAAACCGTGATGTGGGGTGAGGAAGATGAGAAATATCGCAAAATGGCTTGCGAAGCCTTAAAGGGTCAAGTAGAAGATATTTTAGATTTGATGAAAGGCACCAACGGAAGCAATCAACACCTTATCTACTACTTCGGTGATAAGAGTGGTCGTCCAATTCCGCAATACCTGGAAGCGGTCCGCAAGCGTTATGGGTTGTGGATCATTGATACATTGTGTAAGCCACTGGACCGCCAGTGGTTGAATTACATGTACGAAATTGGCCTTCGCCATCACCGTACCAAGAAAGGGAAGACAGATGGCGTAGATACTGTTGAACATATCCCATTACGCTACATGATTGCTTTCATCGCTCCCATCGGTCTGACTATTAAGCCGATCTTGGAAAAATCGGGACATCCGCCAGAGGCCGTGGAGCGTATGTGGGCAGCATGGGTTAAGTTGGTGGTGTTACAGGTAGCTATCTGGTCGTACCCCTATGCAAAGACGGGCGAATGGCTCGAGCACCACCACCACCACCACTGA
F10,Variant,FGFNY,ATGGCGGTTCCCGGCTACGATTTTGGCAAAGTCCCGGATGCCCCAATCTCAGACGCGGATTTTGAGAGTTTAAAAAAAACCGTGATGTGGGGTGAGGAAGATGAGAAATATCGCAAAATGGCTTGCGAAGCCTTAAAGGGTCAAGTAGAAGATATTTTAGATTTGTTTGGCGGCTTTAACGGAAGCAATCAACACCTTATCTACTACTTCGGTGATAAGAGTGGTCGTCCAATTCCGCAATACCTGGAAGCGGTCCGCAAGCGTTATGGGTTGTGGATCATTGATACATTGTGTAAGCCACTGGACCGCCAGTGGTTGAATTACATGTACGAAATTGGCCTTCGCCATCACCGTACCAAGAAAGGGAAGACAGATGGCGTAGATACTGTTGAACATATCCCATTACGCTACATGATTGCTTTCATCGCTCCCATCGGTCTGACTATTAAGCCGATCTTGGAAAAATCGGGACATCCGCCAGAGGCCGTGGAGCGTATGTGGGCAGCATGGGTTAAGTTGGTGGTGTTACAGGTAGCTATCTGGTCGTACCCCTATGCAAAGACGGGCGAATGGCTCGAGCACCACCACCACCACCACTGA
F11,Variant,FHFNY,ATGGCGGTTCCCGGCTACGATTTTGGCAAAGTCCCGGATGCCCCAATCTCAGACGCGGATTTTGAGAGTTTAAAAAAAACCGTGATGTGGGGTGAGGAAGATGAGAAATATCGCAAAATGGCTTGCGAAGCCTTAAAGGGTCAAGTAGAAGATATTTTAGATTTGTTTCATGGCTTTAACGGAAGCAATCAACACCTTATCTACTACTTCGGTGATAAGAGTGGTCGTCCAATTCCGCAATACCTGGAAGCGGTCCGCAAGCGTTATGGGTTGTGGATCATTGATACATTGTGTAAGCCACTGGACCGCCAGTGGTTGAATTACATGTACGAAATTGGCCTTCGCCATCACCGTACCAAGAAAGGGAAGACAGATGGCGTAGATACTGTTGAACATATCCCATTACGCTACATGATTGCTTTCATCGCTCCCATCGGTCTGACTATTAAGCCGATCTTGGAAAAATCGGGACATCCGCCAGAGGCCGTGGAGCGTATGTGGGCAGCATGGGTTAAGTTGGTGGTGTTACAGGTAGCTATCTGGTCGTACCCCTATGCAAAGACGGGCGAATGGCTCGAGCACCACCACCACCACCACTGA
F12,Variant,FKMNY,ATGGCGGTTCCCGGCTACGATTTTGGCAAAGTCCCGGATGCCCCAATCTCAGACGCGGATTTTGAGAGTTTAAAAAAAACCGTGATGTGGGGTGAGGAAGATGAGAAATATCGCAAAATGGCTTGCGAAGCCTTAAAGGGTCAAGTAGAAGATATTTTAGATTTGTTTAAAGGCATGAACGGAAGCAATCAACACCTTATCTACTACTTCGGTGATAAGAGTGGTCGTCCAATTCCGCAATACCTGGAAGCGGTCCGCAAGCGTTATGGGTTGTGGATCATTGATACATTGTGTAAGCCACTGGACCGCCAGTGGTTGAATTACATGTACGAAATTGGCCTTCGCCATCACCGTACCAAGAAAGGGAAGACAGATGGCGTAGATACTGTTGAACATATCCCATTACGCTACATGATTGCTTTCATCGCTCCCATCGGTCTGACTATTAAGCCGATCTTGGAAAAATCGGGACATCCGCCAGAGGCCGTGGAGCGTATGTGGGCAGCATGGGTTAAGTTGGTGGTGTTACAGGTAGCTATCTGGTCGTACCCCTATGCAAAGACGGGCGAATGGCTCGAGCACCACCACCACCACCACTGA
G1,Variant,FAGNY,ATGGCGGTTCCCGGCTACGATTTTGGCAAAGTCCCGGATGCCCCAATCTCAGACGCGGATTTTGAGAGTTTAAAAAAAACCGTGATGTGGGGTGAGGAAGATGAGAAATATCGCAAAATGGCTTGCGAAGCCTTAAAGGGTCAAGTAGAAGATATTTTAGATTTGTTTGCCGGCGGCAACGGAAGCAATCAACACCTTATCTACTACTTCGGTGATAAGAGTGGTCGTCCAATTCCGCAATACCTGGAAGCGGTCCGCAAGCGTTATGGGTTGTGGATCATTGATACATTGTGTAAGCCACTGGACCGCCAGTGGTTGAATTACATGTACGAAATTGGCCTTCGCCATCACCGTACCAAGAAAGGGAAGACAGATGGCGTAGATACTGTTGAACATATCCCATTACGCTACATGATTGCTTTCATCGCTCCCATCGGTCTGACTATTAAGCCGATCTTGGAAAAATCGGGACATCCGCCAGAGGCCGTGGAGCGTATGTGGGCAGCATGGGTTAAGTTGGTGGTGTTACAGGTAGCTATCTGGTCGTACCCCTATGCAAAGACGGGCGAATGGCTCGAGCACCACCACCACCACCACTGA
G2,Variant,FTFNY,ATGGCGGTTCCCGGCTACGATTTTGGCAAAGTCCCGGATGCCCCAATCTCAGACGCGGATTTTGAGAGTTTAAAAAAAACCGTGATGTGGGGTGAGGAAGATGAGAAATATCGCAAAATGGCTTGCGAAGCCTTAAAGGGTCAAGTAGAAGATATTTTAGATTTGTTTACCGGCTTTAACGGAAGCAATCAACACCTTATCTACTACTTCGGTGATAAGAGTGGTCGTCCAATTCCGCAATACCTGGAAGCGGTCCGCAAGCGTTATGGGTTGTGGATCATTGATACATTGTGTAAGCCACTGGACCGCCAGTGGTTGAATTACATGTACGAAATTGGCCTTCGCCATCACCGTACCAAGAAAGGGAAGACAGATGGCGTAGATACTGTTGAACATATCCCATTACGCTACATGATTGCTTTCATCGCTCCCATCGGTCTGACTATTAAGCCGATCTTGGAAAAATCGGGACATCCGCCAGAGGCCGTGGAGCGTATGTGGGCAGCATGGGTTAAGTTGGTGGTGTTACAGGTAGCTATCTGGTCGTACCCCTATGCAAAGACGGGCGAATGGCTCGAGCACCACCACCACCACCACTGA
G3,Variant,FPTNY,ATGGCGGTTCCCGGCTACGATTTTGGCAAAGTCCCGGATGCCCCAATCTCAGACGCGGATTTTGAGAGTTTAAAAAAAACCGTGATGTGGGGTGAGGAAGATGAGAAATATCGCAAAATGGCTTGCGAAGCCTTAAAGGGTCAAGTAGAAGATATTTTAGATTTGTTTCCGGGCACCAACGGAAGCAATCAACACCTTATCTACTACTTCGGTGATAAGAGTGGTCGTCCAATTCCGCAATACCTGGAAGCGGTCCGCAAGCGTTATGGGTTGTGGATCATTGATACATTGTGTAAGCCACTGGACCGCCAGTGGTTGAATTACATGTACGAAATTGGCCTTCGCCATCACCGTACCAAGAAAGGGAAGACAGATGGCGTAGATACTGTTGAACATATCCCATTACGCTACATGATTGCTTTCATCGCTCCCATCGGTCTGACTATTAAGCCGATCTTGGAAAAATCGGGACATCCGCCAGAGGCCGTGGAGCGTATGTGGGCAGCATGGGTTAAGTTGGTGGTGTTACAGGTAGCTATCTGGTCGTACCCCTATGCAAAGACGGGCGAATGGCTCGAGCACCACCACCACCACCACTGA
G4,Variant,FITNY,ATGGCGGTTCCCGGCTACGATTTTGGCAAAGTCCCGGATGCCCCAATCTCAGACGCGGATTTTGAGAGTTTAAAAAAAACCGTGATGTGGGGTGAGGAAGATGAGAAATATCGCAAAATGGCTTGCGAAGCCTTAAAGGGTCAAGTAGAAGATATTTTAGATTTGTTTATTGGCACCAACGGAAGCAATCAACACCTTATCTACTACTTCGGTGATAAGAGTGGTCGTCCAATTCCGCAATACCTGGAAGCGGTCCGCAAGCGTTATGGGTTGTGGATCATTGATACATTGTGTAAGCCACTGGACCGCCAGTGGTTGAATTACATGTACGAAATTGGCCTTCGCCATCACCGTACCAAGAAAGGGAAGACAGATGGCGTAGATACTGTTGAACATATCCCATTACGCTACATGATTGCTTTCATCGCTCCCATCGGTCTGACTATTAAGCCGATCTTGGAAAAATCGGGACATCCGCCAGAGGCCGTGGAGCGTATGTGGGCAGCATGGGTTAAGTTGGTGGTGTTACAGGTAGCTATCTGGTCGTACCCCTATGCAAAGACGGGCGAATGGCTCGAGCACCACCACCACCACCACTGA
G5,Variant,FADDY,ATGGCGGTTCCCGGCTACGATTTTGGCAAAGTCCCGGATGCCCCAATCTCAGACGCGGATTTTGAGAGTTTAAAAAAAACCGTGATGTGGGGTGAGGAAGATGAGAAATATCGCAAAATGGCTTGCGAAGCCTTAAAGGGTCAAGTAGAAGATATTTTAGATTTGTTTGCCGGCGATGATGGAAGCAATCAACACCTTATCTACTACTTCGGTGATAAGAGTGGTCGTCCAATTCCGCAATACCTGGAAGCGGTCCGCAAGCGTTATGGGTTGTGGATCATTGATACATTGTGTAAGCCACTGGACCGCCAGTGGTTGAATTACATGTACGAAATTGGCCTTCGCCATCACCGTACCAAGAAAGGGAAGACAGATGGCGTAGATACTGTTGAACATATCCCATTACGCTACATGATTGCTTTCATCGCTCCCATCGGTCTGACTATTAAGCCGATCTTGGAAAAATCGGGACATCCGCCAGAGGCCGTGGAGCGTATGTGGGCAGCATGGGTTAAGTTGGTGGTGTTACAGGTAGCTATCTGGTCGTACCCCTATGCAAAGACGGGCGAATGGCTCGAGCACCACCACCACCACCACTGA
G6,Variant,IAFNY,ATGGCGGTTCCCGGCTACGATTTTGGCAAAGTCCCGGATGCCCCAATCTCAGACGCGGATTTTGAGAGTTTAAAAAAAACCGTGATGTGGGGTGAGGAAGATGAGAAATATCGCAAAATGGCTTGCGAAGCCTTAAAGGGTCAAGTAGAAGATATTTTAGATTTGATTGCCGGCTTTAACGGAAGCAATCAACACCTTATCTACTACTTCGGTGATAAGAGTGGTCGTCCAATTCCGCAATACCTGGAAGCGGTCCGCAAGCGTTATGGGTTGTGGATCATTGATACATTGTGTAAGCCACTGGACCGCCAGTGGTTGAATTACATGTACGAAATTGGCCTTCGCCATCACCGTACCAAGAAAGGGAAGACAGATGGCGTAGATACTGTTGAACATATCCCATTACGCTACATGATTGCTTTCATCGCTCCCATCGGTCTGACTATTAAGCCGATCTTGGAAAAATCGGGACATCCGCCAGAGGCCGTGGAGCGTATGTGGGCAGCATGGGTTAAGTTGGTGGTGTTACAGGTAGCTATCTGGTCGTACCCCTATGCAAAGACGGGCGAATGGCTCGAGCACCACCACCACCACCACTGA
G7,Variant,FATRY,ATGGCGGTTCCCGGCTACGATTTTGGCAAAGTCCCGGATGCCCCAATCTCAGACGCGGATTTTGAGAGTTTAAAAAAAACCGTGATGTGGGGTGAGGAAGATGAGAAATATCGCAAAATGGCTTGCGAAGCCTTAAAGGGTCAAGTAGAAGATATTTTAGATTTGTTTGCCGGCACCCGTGGAAGCAATCAACACCTTATCTACTACTTCGGTGATAAGAGTGGTCGTCCAATTCCGCAATACCTGGAAGCGGTCCGCAAGCGTTATGGGTTGTGGATCATTGATACATTGTGTAAGCCACTGGACCGCCAGTGGTTGAATTACATGTACGAAATTGGCCTTCGCCATCACCGTACCAAGAAAGGGAAGACAGATGGCGTAGATACTGTTGAACATATCCCATTACGCTACATGATTGCTTTCATCGCTCCCATCGGTCTGACTATTAAGCCGATCTTGGAAAAATCGGGACATCCGCCAGAGGCCGTGGAGCGTATGTGGGCAGCATGGGTTAAGTTGGTGGTGTTACAGGTAGCTATCTGGTCGTACCCCTATGCAAAGACGGGCGAATGGCTCGAGCACCACCACCACCACCACTGA
G8,Variant,FCFSY,ATGGCGGTTCCCGGCTACGATTTTGGCAAAGTCCCGGATGCCCCAATCTCAGACGCGGATTTTGAGAGTTTAAAAAAAACCGTGATGTGGGGTGAGGAAGATGAGAAATATCGCAAAATGGCTTGCGAAGCCTTAAAGGGTCAAGTAGAAGATATTTTAGATTTGTTTTGCGGCTTTAGCGGAAGCAATCAACACCTTATCTACTACTTCGGTGATAAGAGTGGTCGTCCAATTCCGCAATACCTGGAAGCGGTCCGCAAGCGTTATGGGTTGTGGATCATTGATACATTGTGTAAGCCACTGGACCGCCAGTGGTTGAATTACATGTACGAAATTGGCCTTCGCCATCACCGTACCAAGAAAGGGAAGACAGATGGCGTAGATACTGTTGAACATATCCCATTACGCTACATGATTGCTTTCATCGCTCCCATCGGTCTGACTATTAAGCCGATCTTGGAAAAATCGGGACATCCGCCAGAGGCCGTGGAGCGTATGTGGGCAGCATGGGTTAAGTTGGTGGTGTTACAGGTAGCTATCTGGTCGTACCCCTATGCAAAGACGGGCGAATGGCTCGAGCACCACCACCACCACCACTGA
G9,Variant,TSFNY,ATGGCGGTTCCCGGCTACGATTTTGGCAAAGTCCCGGATGCCCCAATCTCAGACGCGGATTTTGAGAGTTTAAAAAAAACCGTGATGTGGGGTGAGGAAGATGAGAAATATCGCAAAATGGCTTGCGAAGCCTTAAAGGGTCAAGTAGAAGATATTTTAGATTTGACCAGCGGCTTTAACGGAAGCAATCAACACCTTATCTACTACTTCGGTGATAAGAGTGGTCGTCCAATTCCGCAATACCTGGAAGCGGTCCGCAAGCGTTATGGGTTGTGGATCATTGATACATTGTGTAAGCCACTGGACCGCCAGTGGTTGAATTACATGTACGAAATTGGCCTTCGCCATCACCGTACCAAGAAAGGGAAGACAGATGGCGTAGATACTGTTGAACATATCCCATTACGCTACATGATTGCTTTCATCGCTCCCATCGGTCTGACTATTAAGCCGATCTTGGAAAAATCGGGACATCCGCCAGAGGCCGTGGAGCGTATGTGGGCAGCATGGGTTAAGTTGGTGGTGTTACAGGTAGCTATCTGGTCGTACCCCTATGCAAAGACGGGCGAATGGCTCGAGCACCACCACCACCACCACTGA
G10,Variant,SKFNY,ATGGCGGTTCCCGGCTACGATTTTGGCAAAGTCCCGGATGCCCCAATCTCAGACGCGGATTTTGAGAGTTTAAAAAAAACCGTGATGTGGGGTGAGGAAGATGAGAAATATCGCAAAATGGCTTGCGAAGCCTTAAAGGGTCAAGTAGAAGATATTTTAGATTTGAGCAAAGGCTTTAACGGAAGCAATCAACACCTTATCTACTACTTCGGTGATAAGAGTGGTCGTCCAATTCCGCAATACCTGGAAGCGGTCCGCAAGCGTTATGGGTTGTGGATCATTGATACATTGTGTAAGCCACTGGACCGCCAGTGGTTGAATTACATGTACGAAATTGGCCTTCGCCATCACCGTACCAAGAAAGGGAAGACAGATGGCGTAGATACTGTTGAACATATCCCATTACGCTACATGATTGCTTTCATCGCTCCCATCGGTCTGACTATTAAGCCGATCTTGGAAAAATCGGGACATCCGCCAGAGGCCGTGGAGCGTATGTGGGCAGCATGGGTTAAGTTGGTGGTGTTACAGGTAGCTATCTGGTCGTACCCCTATGCAAAGACGGGCGAATGGCTCGAGCACCACCACCACCACCACTGA
G11,Variant,GHFNY,ATGGCGGTTCCCGGCTACGATTTTGGCAAAGTCCCGGATGCCCCAATCTCAGACGCGGATTTTGAGAGTTTAAAAAAAACCGTGATGTGGGGTGAGGAAGATGAGAAATATCGCAAAATGGCTTGCGAAGCCTTAAAGGGTCAAGTAGAAGATATTTTAGATTTGGGCCATGGCTTTAACGGAAGCAATCAACACCTTATCTACTACTTCGGTGATAAGAGTGGTCGTCCAATTCCGCAATACCTGGAAGCGGTCCGCAAGCGTTATGGGTTGTGGATCATTGATACATTGTGTAAGCCACTGGACCGCCAGTGGTTGAATTACATGTACGAAATTGGCCTTCGCCATCACCGTACCAAGAAAGGGAAGACAGATGGCGTAGATACTGTTGAACATATCCCATTACGCTACATGATTGCTTTCATCGCTCCCATCGGTCTGACTATTAAGCCGATCTTGGAAAAATCGGGACATCCGCCAGAGGCCGTGGAGCGTATGTGGGCAGCATGGGTTAAGTTGGTGGTGTTACAGGTAGCTATCTGGTCGTACCCCTATGCAAAGACGGGCGAATGGCTCGAGCACCACCACCACCACCACTGA
G12,Variant,QAFNY,ATGGCGGTTCCCGGCTACGATTTTGGCAAAGTCCCGGATGCCCCAATCTCAGACGCGGATTTTGAGAGTTTAAAAAAAACCGTGATGTGGGGTGAGGAAGATGAGAAATATCGCAAAATGGCTTGCGAAGCCTTAAAGGGTCAAGTAGAAGATATTTTAGATTTGCAGGCCGGCTTTAACGGAAGCAATCAACACCTTATCTACTACTTCGGTGATAAGAGTGGTCGTCCAATTCCGCAATACCTGGAAGCGGTCCGCAAGCGTTATGGGTTGTGGATCATTGATACATTGTGTAAGCCACTGGACCGCCAGTGGTTGAATTACATGTACGAAATTGGCCTTCGCCATCACCGTACCAAGAAAGGGAAGACAGATGGCGTAGATACTGTTGAACATATCCCATTACGCTACATGATTGCTTTCATCGCTCCCATCGGTCTGACTATTAAGCCGATCTTGGAAAAATCGGGACATCCGCCAGAGGCCGTGGAGCGTATGTGGGCAGCATGGGTTAAGTTGGTGGTGTTACAGGTAGCTATCTGGTCGTACCCCTATGCAAAGACGGGCGAATGGCTCGAGCACCACCACCACCACCACTGA
H1,Variant,FAFLY,ATGGCGGTTCCCGGCTACGATTTTGGCAAAGTCCCGGATGCCCCAATCTCAGACGCGGATTTTGAGAGTTTAAAAAAAACCGTGATGTGGGGTGAGGAAGATGAGAAATATCGCAAAATGGCTTGCGAAGCCTTAAAGGGTCAAGTAGAAGATATTTTAGATTTGTTTGCCGGCTTTTTAGGAAGCAATCAACACCTTATCTACTACTTCGGTGATAAGAGTGGTCGTCCAATTCCGCAATACCTGGAAGCGGTCCGCAAGCGTTATGGGTTGTGGATCATTGATACATTGTGTAAGCCACTGGACCGCCAGTGGTTGAATTACATGTACGAAATTGGCCTTCGCCATCACCGTACCAAGAAAGGGAAGACAGATGGCGTAGATACTGTTGAACATATCCCATTACGCTACATGATTGCTTTCATCGCTCCCATCGGTCTGACTATTAAGCCGATCTTGGAAAAATCGGGACATCCGCCAGAGGCCGTGGAGCGTATGTGGGCAGCATGGGTTAAGTTGGTGGTGTTACAGGTAGCTATCTGGTCGTACCCCTATGCAAAGACGGGCGAATGGCTCGAGCACCACCACCACCACCACTGA
H2,Variant,FADAY,ATGGCGGTTCCCGGCTACGATTTTGGCAAAGTCCCGGATGCCCCAATCTCAGACGCGGATTTTGAGAGTTTAAAAAAAACCGTGATGTGGGGTGAGGAAGATGAGAAATATCGCAAAATGGCTTGCGAAGCCTTAAAGGGTCAAGTAGAAGATATTTTAGATTTGTTTGCCGGCGATGCCGGAAGCAATCAACACCTTATCTACTACTTCGGTGATAAGAGTGGTCGTCCAATTCCGCAATACCTGGAAGCGGTCCGCAAGCGTTATGGGTTGTGGATCATTGATACATTGTGTAAGCCACTGGACCGCCAGTGGTTGAATTACATGTACGAAATTGGCCTTCGCCATCACCGTACCAAGAAAGGGAAGACAGATGGCGTAGATACTGTTGAACATATCCCATTACGCTACATGATTGCTTTCATCGCTCCCATCGGTCTGACTATTAAGCCGATCTTGGAAAAATCGGGACATCCGCCAGAGGCCGTGGAGCGTATGTGGGCAGCATGGGTTAAGTTGGTGGTGTTACAGGTAGCTATCTGGTCGTACCCCTATGCAAAGACGGGCGAATGGCTCGAGCACCACCACCACCACCACTGA
H3,Variant,GSFNY,ATGGCGGTTCCCGGCTACGATTTTGGCAAAGTCCCGGATGCCCCAATCTCAGACGCGGATTTTGAGAGTTTAAAAAAAACCGTGATGTGGGGTGAGGAAGATGAGAAATATCGCAAAATGGCTTGCGAAGCCTTAAAGGGTCAAGTAGAAGATATTTTAGATTTGGGCAGCGGCTTTAACGGAAGCAATCAACACCTTATCTACTACTTCGGTGATAAGAGTGGTCGTCCAATTCCGCAATACCTGGAAGCGGTCCGCAAGCGTTATGGGTTGTGGATCATTGATACATTGTGTAAGCCACTGGACCGCCAGTGGTTGAATTACATGTACGAAATTGGCCTTCGCCATCACCGTACCAAGAAAGGGAAGACAGATGGCGTAGATACTGTTGAACATATCCCATTACGCTACATGATTGCTTTCATCGCTCCCATCGGTCTGACTATTAAGCCGATCTTGGAAAAATCGGGACATCCGCCAGAGGCCGTGGAGCGTATGTGGGCAGCATGGGTTAAGTTGGTGGTGTTACAGGTAGCTATCTGGTCGTACCCCTATGCAAAGACGGGCGAATGGCTCGAGCACCACCACCACCACCACTGA
H4,Variant,GAGNY,ATGGCGGTTCCCGGCTACGATTTTGGCAAAGTCCCGGATGCCCCAATCTCAGACGCGGATTTTGAGAGTTTAAAAAAAACCGTGATGTGGGGTGAGGAAGATGAGAAATATCGCAAAATGGCTTGCGAAGCCTTAAAGGGTCAAGTAGAAGATATTTTAGATTTGGGCGCCGGCGGCAACGGAAGCAATCAACACCTTATCTACTACTTCGGTGATAAGAGTGGTCGTCCAATTCCGCAATACCTGGAAGCGGTCCGCAAGCGTTATGGGTTGTGGATCATTGATACATTGTGTAAGCCACTGGACCGCCAGTGGTTGAATTACATGTACGAAATTGGCCTTCGCCATCACCGTACCAAGAAAGGGAAGACAGATGGCGTAGATACTGTTGAACATATCCCATTACGCTACATGATTGCTTTCATCGCTCCCATCGGTCTGACTATTAAGCCGATCTTGGAAAAATCGGGACATCCGCCAGAGGCCGTGGAGCGTATGTGGGCAGCATGGGTTAAGTTGGTGGTGTTACAGGTAGCTATCTGGTCGTACCCCTATGCAAAGACGGGCGAATGGCTCGAGCACCACCACCACCACCACTGA
H5,Variant,FTFLY,ATGGCGGTTCCCGGCTACGATTTTGGCAAAGTCCCGGATGCCCCAATCTCAGACGCGGATTTTGAGAGTTTAAAAAAAACCGTGATGTGGGGTGAGGAAGATGAGAAATATCGCAAAATGGCTTGCGAAGCCTTAAAGGGTCAAGTAGAAGATATTTTAGATTTGTTTACCGGCTTTTTAGGAAGCAATCAACACCTTATCTACTACTTCGGTGATAAGAGTGGTCGTCCAATTCCGCAATACCTGGAAGCGGTCCGCAAGCGTTATGGGTTGTGGATCATTGATACATTGTGTAAGCCACTGGACCGCCAGTGGTTGAATTACATGTACGAAATTGGCCTTCGCCATCACCGTACCAAGAAAGGGAAGACAGATGGCGTAGATACTGTTGAACATATCCCATTACGCTACATGATTGCTTTCATCGCTCCCATCGGTCTGACTATTAAGCCGATCTTGGAAAAATCGGGACATCCGCCAGAGGCCGTGGAGCGTATGTGGGCAGCATGGGTTAAGTTGGTGGTGTTACAGGTAGCTATCTGGTCGTACCCCTATGCAAAGACGGGCGAATGGCTCGAGCACCACCACCACCACCACTGA
H6,Variant,GVGNY,ATGGCGGTTCCCGGCTACGATTTTGGCAAAGTCCCGGATGCCCCAATCTCAGACGCGGATTTTGAGAGTTTAAAAAAAACCGTGATGTGGGGTGAGGAAGATGAGAAATATCGCAAAATGGCTTGCGAAGCCTTAAAGGGTCAAGTAGAAGATATTTTAGATTTGGGCGTGGGCGGCAACGGAAGCAATCAACACCTTATCTACTACTTCGGTGATAAGAGTGGTCGTCCAATTCCGCAATACCTGGAAGCGGTCCGCAAGCGTTATGGGTTGTGGATCATTGATACATTGTGTAAGCCACTGGACCGCCAGTGGTTGAATTACATGTACGAAATTGGCCTTCGCCATCACCGTACCAAGAAAGGGAAGACAGATGGCGTAGATACTGTTGAACATATCCCATTACGCTACATGATTGCTTTCATCGCTCCCATCGGTCTGACTATTAAGCCGATCTTGGAAAAATCGGGACATCCGCCAGAGGCCGTGGAGCGTATGTGGGCAGCATGGGTTAAGTTGGTGGTGTTACAGGTAGCTATCTGGTCGTACCCCTATGCAAAGACGGGCGAATGGCTCGAGCACCACCACCACCACCACTGA
H7,Variant,FKDNY,ATGGCGGTTCCCGGCTACGATTTTGGCAAAGTCCCGGATGCCCCAATCTCAGACGCGGATTTTGAGAGTTTAAAAAAAACCGTGATGTGGGGTGAGGAAGATGAGAAATATCGCAAAATGGCTTGCGAAGCCTTAAAGGGTCAAGTAGAAGATATTTTAGATTTGTTTAAAGGCGATAACGGAAGCAATCAACACCTTATCTACTACTTCGGTGATAAGAGTGGTCGTCCAATTCCGCAATACCTGGAAGCGGTCCGCAAGCGTTATGGGTTGTGGATCATTGATACATTGTGTAAGCCACTGGACCGCCAGTGGTTGAATTACATGTACGAAATTGGCCTTCGCCATCACCGTACCAAGAAAGGGAAGACAGATGGCGTAGATACTGTTGAACATATCCCATTACGCTACATGATTGCTTTCATCGCTCCCATCGGTCTGACTATTAAGCCGATCTTGGAAAAATCGGGACATCCGCCAGAGGCCGTGGAGCGTATGTGGGCAGCATGGGTTAAGTTGGTGGTGTTACAGGTAGCTATCTGGTCGTACCCCTATGCAAAGACGGGCGAATGGCTCGAGCACCACCACCACCACCACTGA
H8,Variant,FADNY,ATGGCGGTTCCCGGCTACGATTTTGGCAAAGTCCCGGATGCCCCAATCTCAGACGCGGATTTTGAGAGTTTAAAAAAAACCGTGATGTGGGGTGAGGAAGATGAGAAATATCGCAAAATGGCTTGCGAAGCCTTAAAGGGTCAAGTAGAAGATATTTTAGATTTGTTTGCCGGCGATAACGGAAGCAATCAACACCTTATCTACTACTTCGGTGATAAGAGTGGTCGTCCAATTCCGCAATACCTGGAAGCGGTCCGCAAGCGTTATGGGTTGTGGATCATTGATACATTGTGTAAGCCACTGGACCGCCAGTGGTTGAATTACATGTACGAAATTGGCCTTCGCCATCACCGTACCAAGAAAGGGAAGACAGATGGCGTAGATACTGTTGAACATATCCCATTACGCTACATGATTGCTTTCATCGCTCCCATCGGTCTGACTATTAAGCCGATCTTGGAAAAATCGGGACATCCGCCAGAGGCCGTGGAGCGTATGTGGGCAGCATGGGTTAAGTTGGTGGTGTTACAGGTAGCTATCTGGTCGTACCCCTATGCAAAGACGGGCGAATGGCTCGAGCACCACCACCACCACCACTGA
H9,Variant,TRTNY,ATGGCGGTTCCCGGCTACGATTTTGGCAAAGTCCCGGATGCCCCAATCTCAGACGCGGATTTTGAGAGTTTAAAAAAAACCGTGATGTGGGGTGAGGAAGATGAGAAATATCGCAAAATGGCTTGCGAAGCCTTAAAGGGTCAAGTAGAAGATATTTTAGATTTGACCCGTGGCACCAACGGAAGCAATCAACACCTTATCTACTACTTCGGTGATAAGAGTGGTCGTCCAATTCCGCAATACCTGGAAGCGGTCCGCAAGCGTTATGGGTTGTGGATCATTGATACATTGTGTAAGCCACTGGACCGCCAGTGGTTGAATTACATGTACGAAATTGGCCTTCGCCATCACCGTACCAAGAAAGGGAAGACAGATGGCGTAGATACTGTTGAACATATCCCATTACGCTACATGATTGCTTTCATCGCTCCCATCGGTCTGACTATTAAGCCGATCTTGGAAAAATCGGGACATCCGCCAGAGGCCGTGGAGCGTATGTGGGCAGCATGGGTTAAGTTGGTGGTGTTACAGGTAGCTATCTGGTCGTACCCCTATGCAAAGACGGGCGAATGGCTCGAGCACCACCACCACCACCACTGA
H10,Variant,FRFPY,ATGGCGGTTCCCGGCTACGATTTTGGCAAAGTCCCGGATGCCCCAATCTCAGACGCGGATTTTGAGAGTTTAAAAAAAACCGTGATGTGGGGTGAGGAAGATGAGAAATATCGCAAAATGGCTTGCGAAGCCTTAAAGGGTCAAGTAGAAGATATTTTAGATTTGTTTCGTGGCTTTCCGGGAAGCAATCAACACCTTATCTACTACTTCGGTGATAAGAGTGGTCGTCCAATTCCGCAATACCTGGAAGCGGTCCGCAAGCGTTATGGGTTGTGGATCATTGATACATTGTGTAAGCCACTGGACCGCCAGTGGTTGAATTACATGTACGAAATTGGCCTTCGCCATCACCGTACCAAGAAAGGGAAGACAGATGGCGTAGATACTGTTGAACATATCCCATTACGCTACATGATTGCTTTCATCGCTCCCATCGGTCTGACTATTAAGCCGATCTTGGAAAAATCGGGACATCCGCCAGAGGCCGTGGAGCGTATGTGGGCAGCATGGGTTAAGTTGGTGGTGTTACAGGTAGCTATCTGGTCGTACCCCTATGCAAAGACGGGCGAATGGCTCGAGCACCACCACCACCACCACTGA
H11,Variant,FCFLY,ATGGCGGTTCCCGGCTACGATTTTGGCAAAGTCCCGGATGCCCCAATCTCAGACGCGGATTTTGAGAGTTTAAAAAAAACCGTGATGTGGGGTGAGGAAGATGAGAAATATCGCAAAATGGCTTGCGAAGCCTTAAAGGGTCAAGTAGAAGATATTTTAGATTTGTTTTGCGGCTTTTTAGGAAGCAATCAACACCTTATCTACTACTTCGGTGATAAGAGTGGTCGTCCAATTCCGCAATACCTGGAAGCGGTCCGCAAGCGTTATGGGTTGTGGATCATTGATACATTGTGTAAGCCACTGGACCGCCAGTGGTTGAATTACATGTACGAAATTGGCCTTCGCCATCACCGTACCAAGAAAGGGAAGACAGATGGCGTAGATACTGTTGAACATATCCCATTACGCTACATGATTGCTTTCATCGCTCCCATCGGTCTGACTATTAAGCCGATCTTGGAAAAATCGGGACATCCGCCAGAGGCCGTGGAGCGTATGTGGGCAGCATGGGTTAAGTTGGTGGTGTTACAGGTAGCTATCTGGTCGTACCCCTATGCAAAGACGGGCGAATGGCTCGAGCACCACCACCACCACCACTGA
H12,Sterile,,
